word,meaning,partOfSpeech,example,leapPart,leapNumber,tags
agree,①賛成する ②（主語の中で）意見が一致する ③（with ～）（気候，食べ物が）（～に）合う,自動詞,,Part1,1,
oppose,～に反対する,他動詞,,Part1,2,
advise,～に忠告する,他動詞,,Part1,3,
tip,①助言，ヒント ②チップ ③（足や山などの）先，先端（いずれも〈可算〉）,名詞,,Part1,4,
discuss,①～について話し合う，議論する ②～を話題に出す,他動詞,,Part1,5,
blame,～に責任があるとする,他動詞,,Part1,6,
argue,①（that S V）～と主張する ②（with ～）（～と）言い争う,他動詞,,Part1,7,
claim,①（that S V）～と主張する ②～を要求する，主張する ③主張，要求,他動詞,,Part1,8,
complain,①文句を言う，苦情を言う ②（of ～）（病気などを）訴える,自動詞,,Part1,9,
offer,①～を申し出る ②申し出 ③値引き,他動詞,,Part1,10,
suggest,①～を示唆する ②～を提案する,他動詞,,Part1,11,
recommend,～を推薦する，勧める,他動詞,,Part1,12,
grateful,感謝している,形容詞,,Part1,13,
apologize,（to ～）（～に）謝る,自動詞,,Part1,14,
excuse,①言い訳 ②～を許す ③（A from B）（B からA）を免除する,名詞,,Part1,15,
celebrate,①～を祝う ②（儀式など）を挙行する，執り行なう,他動詞,,Part1,16,
admire,～に感心する，称賛する,他動詞,,Part1,17,
impress,～に感銘を与える，～を感心させる,他動詞,,Part1,18,
award,①賞 ②～を授与する,名詞,,Part1,19,
describe,～を説明する,他動詞,,Part1,20,
explain,～を説明する,他動詞,,Part1,21,
communicate,①（with ～）（～と）意思の疎通をはかる ②～を伝える,自動詞,,Part1,22,
express,①（意見，気持ち）を表現する ②急行（列車，バス）,他動詞,,Part1,23,
promise,①約束 ②～を約束する,名詞,,Part1,24,
information,情報〈不可算〉,名詞,,Part1,25,
technology,（科学）技術,名詞,,Part1,26,
research,①（学術）研究 ②～を研究する,名詞,,Part1,27,
material,①材料，生地 ②資料，教材 ③物質的な ④重大な,名詞,,Part1,28,
artificial,人工的な,形容詞,,Part1,29,
electric,電気の，電動の,形容詞,,Part1,30,
invent,①～を発明する ②（話など）をでっち上げる,他動詞,,Part1,31,
discover,①～を発見する ②（that S V）～を知る，～に気がつく ③（知るという意味で）～に出会う,他動詞,,Part1,32,
develop,①発達する ②～を発達させる ③～を開発する ④（話，考え）を発展させる ⑤（病気）にかかる,自動詞,,Part1,33,
skill,技術，力,名詞,,Part1,34,
ability,能力,名詞,,Part1,35,
talent,才能,名詞,,Part1,36,
effort,努力,名詞,,Part1,37,
practice,①練習 ②実践 ③慣習 ④～を練習する ⑤～を実践する,名詞,,Part1,38,
game,①試合，ゲーム〈可算〉 ②獲物〈不可算〉,名詞,,Part1,39,
achieve,～を達成する,他動詞,,Part1,40,
manage,①（to do）何とかして～する ②～を経営する，管理する,他動詞,,Part1,41,
improve,①～を改善する，磨く ②よくなる,他動詞,,Part1,42,
produce,①～を生産する，産出する ②（見せるために）～を取り出す ③農作物〈不可算〉,他動詞,,Part1,43,
create,①～を創造する ②～を引き起こす,他動詞,,Part1,44,
establish,①～を確立する，定着させる ②～を設立する,他動詞,,Part1,45,
save,①（時間，手間）を省く ②～を貯金する ③（命など）を救う ④～を除いて（＝except）,他動詞,,Part1,46,
medicine,①（for ～）（～の）薬 ②医学,名詞,,Part1,47,
patient,①患者 ②忍耐強い,名詞,,Part1,48,
condition,①状態，容態 ②（通例 －s）（周囲の）状況，条件,名詞,,Part1,49,
medical,①医療の ②医学の,形容詞,,Part1,50,
stress,①ストレス ②（on ～）（～に対する）強調 ③～を強調する,名詞,,Part1,51,
suffer,①（from ～）（病気などで）苦しむ ②（苦痛，損害）を経験する,自動詞,,Part1,52,
exercise,①運動 ②（－s）練習 ③運動する ④～を行使する,名詞,,Part1,53,
breathe,呼吸する，息をする,自動詞,,Part1,54,
thirsty,①のどが渇いた ②（for ～）（～を）切望して,形容詞,,Part1,55,
physical,①身体的な ②物理的な,形容詞,,Part1,56,
fever,①（体温の）熱 ②熱狂,名詞,,Part1,57,
strength,①（physical －）体力 ②力,名詞,,Part1,58,
tear,①（通例 －s）涙〈可算〉 ②（up）～を引き裂く,名詞,,Part1,59,
taste,①～の味がする ②～の味をみる ③味 ④好み,自動詞,,Part1,60,
rule,①規則 ②～を支配する,名詞,,Part1,61,
role,役割,名詞,,Part1,62,
habit,習慣，癖,名詞,,Part1,63,
custom,①習慣 ②（－s）税関,名詞,,Part1,64,
tradition,伝統,名詞,,Part1,65,
society,①社会〈不可算〉 ②（ある具体的な）社会〈可算〉 ③（one's －）～と同席すること ④協会,名詞,,Part1,66,
law,①（the－）（集合的に）法律，国法 ②（個々の）法律 ③（科学などの）法則,名詞,,Part1,67,
ancestor,祖先,名詞,,Part1,68,
population,①人口，個体数 ②（一定の地域に住む）住民,名詞,,Part1,69,
native,①母国の，その土地の ②（ある土地の）生まれの人,形容詞,,Part1,70,
abroad,海外へ，海外で,副詞,,Part1,71,
local,①その土地の，地元の ②地方の ③ 地元の人,形容詞,,Part1,72,
survey,①調査〈可算〉 ②～を調査する,名詞,,Part1,73,
evidence,証拠〈不可算〉,名詞,,Part1,74,
value,①価値 ②（－s）価値観 ③お買い得品〈不可算〉 ④～を重んじる,名詞,,Part1,75,
treasure,①財宝，宝 ②大事な物［人］ ③（思い出など）を大事にする,名詞,,Part1,76,
fashion,①流行 ②流儀，やり方 ③（手などで）～を作る,名詞,,Part1,77,
public,①（the －）大衆 ②公の，公共の,名詞,,Part1,78,
vote,①投票（数） ②投票する,名詞,,Part1,79,
government,政府,名詞,,Part1,80,
nation,①国家 ②（the －） 国民,名詞,,Part1,81,
capital,①首都 ②資本 ③重大な，死に値する,名詞,,Part1,82,
state,①州 ②状態 ③国家 ④（意見，情報）を述べる,名詞,,Part1,83,
political,政治的な，政治の,形容詞,,Part1,84,
price,①価格 ②（－s）物価 ③代償,名詞,,Part1,85,
cost,①（費用）を要する，～がかかる ②～を犠牲にする ③費用，犠牲,他動詞,,Part1,86,
sum,①（修飾語を伴って）金額 ②合計 ③（簡単な）計算 ④（up）～を要約する,名詞,,Part1,87,
budget,予算,名詞,,Part1,88,
fee,①（会費，遊園地などの）料金 ②（専門職への）謝礼,名詞,,Part1,89,
fare,運賃,名詞,,Part1,90,
bill,①勘定 ②請求書 ③〈米〉紙幣 ④法案,名詞,,Part1,91,
trade,①貿易 ②（the ～ trade）～業 ③商売 ④～を交換する,名詞,,Part1,92,
wealth,①富，財産〈不可算〉 ②（a － of ～）豊富な～,名詞,,Part1,93,
economy,①経済 ②節約,名詞,,Part1,94,
company,①会社 ②（one's －）一緒にいること ③仲間 ④来客,名詞,,Part1,95,
task,仕事〈可算〉,名詞,,Part1,96,
earn,①（金）を稼ぐ，もうける ②（評判など）を得る,他動詞,,Part1,97,
hurt,①（身体の部位が）痛む ②（身体，感情）を傷つける,自動詞,,Part1,98,
injure,①～を痛める ②～をけがさせる,他動詞,,Part1,99,
damage,①～に損害を与える ②損害，被害〈不可算〉 ③（－s）賠償金,他動詞,,Part1,100,
destroy,①～を（完全に）破壊する ②～を殺す，全滅させる,他動詞,,Part1,101,
ruin,①～を台無しにする ②～を破滅させる ③（－s）廃墟，荒廃,他動詞,,Part1,102,
danger,危険,名詞,,Part1,103,
neighbor,①近所の人 ②（a next-door －）隣の人,名詞,,Part1,104,
audience,聴衆，観客,名詞,,Part1,105,
crowd,群衆,名詞,,Part1,106,
author,①著者 ②作家,名詞,,Part1,107,
staff,（集合的に）職員，従業員,名詞,,Part1,108,
clerk,①〈米〉店員 ②事務員，社員,名詞,,Part1,109,
customer,客,名詞,,Part1,110,
passenger,乗客,名詞,,Part1,111,
elderly,①年配の ②（the －）年配の人々,形容詞,,Part1,112,
female,①女性の ②（動物）雌の ③女性，雌,形容詞,,Part1,113,
head,①向かう ②～を率いる,自動詞,,Part1,114,
follow,①～の後について行く，～に続く ②（忠告，方針など）に従う,他動詞,,Part1,115,
wander,歩き回る，さまよう,自動詞,,Part1,116,
travel,①旅行する，移動する ②（光，音などが）進む,自動詞,,Part1,117,
pass,①～を通り過ぎる ②～を抜く ③（試験）に受かる ④（（人）A）（人）に（A を）渡す ⑤（時が）過ぎる ⑥通行証,他動詞,,Part1,118,
likely,①（to do）～しそうだ，可能性が高い ②おそらく,形容詞,,Part1,119,
natural,①当然の ②自然の ③生まれながらの,形容詞,,Part1,120,
certain,①確かな ②（名詞の前で）ある～,形容詞,,Part1,121,
probably,おそらく,副詞,,Part1,122,
face,①～に直面する ②〈方向〉～向きである ③顔，体面,他動詞,,Part1,123,
avoid,～を避ける,他動詞,,Part1,124,
solve,～を解決する,他動詞,,Part1,125,
trouble,①問題，ごたごた（通例〈不可算〉） ② ～を困らせる,名詞,,Part1,126,
issue,①問題 ②（雑誌の）号 ③（切手など）を発行する,名詞,,Part1,127,
cheer,①（on）～に声援を送る ②（up）～を励ます,他動詞,,Part1,128,
encourage,①（A to do）（A）に（～するよう）促す，奨励する ②～を励ます,他動詞,,Part1,129,
support,①～を支持する ②（家族など）を養う ③（理論など）を立証する ④支持，支援,他動詞,,Part1,130,
prevent,①～を妨げる ②～を予防する,他動詞,,Part1,131,
deny,①～を否定する ②〈S V O1 O2〉（O1）に（O2を）与えない,他動詞,,Part1,132,
enable,（A to do）（A）に［が］（～することを）可能にする,他動詞,,Part1,133,
succeed,①（in ～）（～に）成功する ②（to ～）（家業などを）継ぐ,自動詞,,Part1,134,
miss,①～を逃す ②～を休む ③～を恋しく思う,他動詞,,Part1,135,
fail,①（in［at］～）（～に）失敗する ②（to do）～できない ③（試験）に落ちる ④（人）に役に立たない,自動詞,,Part1,136,
mistake,①間違い ②（A for B）（A）を（B と）間違える,名詞,,Part1,137,
check,①～を調べる ②～を阻止する ③小切手 ④勘定書 ⑤検査，点検 ⑥抑制,他動詞,,Part1,138,
hide,①～を隠す ②隠れる,他動詞,,Part1,139,
draw,①（線で絵など）を描く ②（注意）を引く ③ ～を引っ張る，集める,他動詞,,Part1,140,
join,①（クラブ，団体など）に加わる ②～をつなぐ ③（食事などを）～とともにする ④（議論，活動などに）参加する,他動詞,,Part1,141,
throw,①～を投げる ②（away［out］）～を捨てる ③（パーティなど）を催す ④投げること,他動詞,,Part1,142,
operate,①（機械など）を操作する ②手術する ③（機械などが）作動する，（組織が）運営される,他動詞,,Part1,143,
repair,①～を修理する ② ～を修復する ③ 修理，修復,他動詞,,Part1,144,
sew,①～を縫う ②（on）（ボタンなど）を縫いつける,他動詞,,Part1,145,
raise,① ～を上げる ②（子ども，作物）を育てる ③（お金，資金）を集める ④（問題）を提起する ⑤賃上げ，昇給,他動詞,,Part1,146,
serve,①（飲食物）を出す ②～に役立つ ③ 役立つ,他動詞,,Part1,147,
pour,①～を注ぐ ②降りそそぐ,他動詞,,Part1,148,
spill,①～をこぼす ②（石油などの）流出,他動詞,,Part1,149,
pretend,（to do / that S V）（～する/ ～である）ふりをする,自動詞,,Part1,150,
behave,ふるまう,自動詞,,Part1,151,
bear,①（can －）～に耐える ②～を持つ ③～を産む,他動詞,,Part1,152,
explore,①～を探検する，（街など）を探索する ②（問題など）を探る,他動詞,,Part1,153,
happen,①（to ～）（～に）起こる ②（to do）偶然～する,自動詞,,Part1,154,
appear,①現れる ②（to be ～）～のように思える,自動詞,,Part1,155,
remain,①～のままでいる ②残る,自動詞,,Part1,156,
survive,①生き残る ②～から生き延びる，～の後も存続する,自動詞,,Part1,157,
belong,（to ～）①（～に）所属している ②（～の）所有物である,自動詞,,Part1,158,
represent,①～を代表する ②（記号などが）を表す ③～を表現する,他動詞,,Part1,159,
base,①～の基礎を置く ②基礎（の部分），基盤 ③基地,他動詞,,Part1,160,
include,～を含む,他動詞,,Part1,161,
contain,①～を含む ②～を抑える,他動詞,,Part1,162,
own,（所有格の後で）①自分自身の ②（名詞的に）自分自身のもの ③～を所有している,形容詞,,Part1,163,
share,①～を共有する ②（考えなど）を（人に）伝える ③共有 ④分け前,他動詞,,Part1,164,
collect,①（同種の物）を集める ②～を徴収する，回収する,他動詞,,Part1,165,
gather,①～を集める ②集まる,他動詞,,Part1,166,
history,①歴史 ②履歴，前歴，病歴,名詞,,Part1,167,
subject,①科目 ②話題 ③被験者 ④（be － to ～）～を受けやすい,名詞,,Part1,168,
education,教育,名詞,,Part1,169,
knowledge,知識，知っていること,名詞,,Part1,170,
uniform,①制服 ②同一の，一定の,名詞,,Part1,171,
grade,①（小，中，高の）学年 ②等級 ③成績,名詞,,Part1,172,
senior,①（高校，大学の）最上級生 ②高齢者の ③（地位が）上位の,名詞,,Part1,173,
graduate,（from ～）（～を）卒業する,自動詞,,Part1,174,
decide,①（to do）（～すること）を決定する，決心する ②（on ～）（～を）決める,他動詞,,Part1,175,
judge,①～を判断する ②裁判官，審判（員）,他動詞,,Part1,176,
quit,～を（完全に）やめる,他動詞,,Part1,177,
retire,（from ～）（～を）引退する，退職する,自動詞,,Part1,178,
review,①再検討 ②（新聞などの）批評 ③復習,名詞,,Part1,179,
choose,①～を選ぶ ②選ぶ,他動詞,,Part1,180,
imagine,～を想像する,他動詞,,Part1,181,
guess,①～を推測する ②推測,他動詞,,Part1,182,
expect,①～を予期する ②（A of［from］ B）（B にA）を期待する ③（be －ing）（～を）身ごもっている,他動詞,,Part1,183,
predict,～を予測する,他動詞,,Part1,184,
remember,①（doing）（過去にしたこと）を覚えている ②（to do）（～すること）を覚えている ③（me to ～）（～に）よろしく伝える,他動詞,,Part1,185,
remind,①（A of B）（A）に（B のことを）思い出させる ②（（人）to do）（人）に～するように念を押す,他動詞,,Part1,186,
realize,①～を（はっきり）理解する ②（夢，計画など）を実現する,他動詞,,Part1,187,
appreciate,①～を（正しく）理解する ②～のよさがわかる ③～に感謝する,他動詞,,Part1,188,
accept,～を受け入れる,他動詞,,Part1,189,
consider,①～をよく考える，考慮する ②（人の気持ち）を思いやる ③（A （to be） B） （A）を（B と）みなす,他動詞,,Part1,190,
mind,①気にする ②精神，頭脳 ③（才能，知性のある）人,自動詞,,Part1,191,
wonder,①（wh－節 / if S V）～かなと思う ②（at ～）（～に）驚く,他動詞,,Part1,192,
seem,～のように思われる,自動詞,,Part1,193,
compare,"①（A with［to, and］ B）（A）を（B と）比較する ②（A to B）（A）を（B に）例える ③（with［to］～）（～に）匹敵する",他動詞,,Part1,194,
concentrate,①（on ～）（～に）集中する ②（A on B）（A）を（B に）集中させる,自動詞,,Part1,195,
focus,①（on ～）（～に）焦点を当てる，力を注ぐ ②焦点,自動詞,,Part1,196,
allow,①（人が）～を許可する ②（物が）～を可能にする,他動詞,,Part1,197,
admit,①～を認める ②～の入場［入学］を許可する,他動詞,,Part1,198,
ground,①地面 ②根拠,名詞,,Part1,199,
pollution,汚染，公害〈不可算〉,名詞,,Part1,200,
sight,①光景 ②視力,名詞,,Part1,201,
view,①眺め，景色〈可算〉 ②見解，見方〈不可算〉 ③（A as B）（A）を（B と）みなす,名詞,,Part1,202,
landscape,①風景 ②（the －）（政治，社会の）情勢,名詞,,Part1,203,
nature,①（無冠詞）自然 ②（しばしばthe － of ～） （～の）性質,名詞,,Part1,204,
seed,①種 ②シード選手,名詞,,Part1,205,
plant,①植物 ②（大規模な）工場 ③～を植える,名詞,,Part1,206,
bloom,①（花が）咲く ②開花,自動詞,,Part1,207,
harvest,①収穫 ②～を収穫する ③（臓器，体液など）を摘出する,名詞,,Part1,208,
insect,昆虫,名詞,,Part1,209,
earthquake,地震,名詞,,Part1,210,
temperature,①温度，気温 ②体温,名詞,,Part1,211,
degree,①（温度などの）度 ②程度 ③ 学位,名詞,,Part1,212,
flood,①洪水 ②～を水浸しにする,名詞,,Part1,213,
freeze,①凍る，凍りつく ②～を凍らせる,自動詞,,Part1,214,
reflect,①～を反射する ②～を反映する ③（on ～）（～を）熟考する,他動詞,,Part1,215,
polite,（人，言動が）礼儀正しい,形容詞,,Part1,216,
rude,無礼な，不作法な,形容詞,,Part1,217,
lonely,孤独な,形容詞,,Part1,218,
lazy,①（やる気がなく）怠惰な，いい加減な ②（名詞の前で）くつろいだ,形容詞,,Part1,219,
strict,厳しい,形容詞,,Part1,220,
ugly,醜い,形容詞,,Part1,221,
intelligent,知的な，賢い,形容詞,,Part1,222,
silly,ばかな,形容詞,,Part1,223,
nervous,①あがって，落ち着かない ②神経質な，臆病な ③（身体の）神経の,形容詞,,Part1,224,
awake,目を覚まして,形容詞,,Part1,225,
attitude,態度，姿勢,名詞,,Part1,226,
character,①性格，特徴 ②登場人物 ③文字,名詞,,Part1,227,
characteristic,①特徴〈可算〉 ②特有の，特徴的な,名詞,,Part1,228,
feature,①特徴 ②特集記事 ③～を特集する,名詞,,Part1,229,
detail,①詳細 ②（建物などの）細部,名詞,,Part1,230,
advantage,（over ～）（～に対する）利点,名詞,,Part1,231,
fault,①（ちょっとした）欠点，不具合〈可算〉 ②（one's －）責任〈不可算〉 ③断層,名詞,,Part1,232,
quality,①質〈不可算〉 ②（通例－s）（人間の）資質,名詞,,Part1,233,
correct,①正確な，正しい ②～を訂正する，矯正する,形容詞,,Part1,234,
ideal,①理想的な，申し分のない ②理想，理想的な姿,形容詞,,Part1,235,
fair,①公正な，公平な ②品評会，見本市,形容詞,,Part1,236,
appropriate,適切な,形容詞,,Part1,237,
famous,①（for one's ～）（～で）有名な ②（as ～）（～として）有名な,形容詞,,Part1,238,
elementary,初歩的な，基本の,形容詞,,Part1,239,
major,①主要な ②（in ～）（～を）専攻する,形容詞,,Part1,240,
matter,①重要である ②（修飾語を伴い）物質 ③（－s）事態，状況,自動詞,,Part1,241,
bright,①明るい ②（主に子どもや若者が）賢い,形容詞,,Part1,242,
brilliant,①輝いている ②すばらしい,形容詞,,Part1,243,
lively,生き生きとした,形容詞,,Part1,244,
comfortable,①（物が）快適な ②（人が）心地よい,形容詞,,Part1,245,
pleasant,（人にとって）楽しい，心地よい,形容詞,,Part1,246,
convenient,①都合がよい ②近くて便利がよい,形容詞,,Part1,247,
FALSE,①誤った ②偽の,形容詞,,Part1,248,
terrible,①ひどい ②苦手で,形容詞,,Part1,249,
awful,ひどい，不快な,形容詞,,Part1,250,
thin,①薄い ②（病的に）やせた ③（毛が）薄い,形容詞,,Part1,251,
tight,①引き締まった，きつい ②厳しい,形容詞,,Part1,252,
loose,①ゆるい ②解き放たれた,形容詞,,Part1,253,
raw,生の，加工されていない,形容詞,,Part1,254,
empty,①空の，中身のない ②～を空にする,形容詞,,Part1,255,
smooth,①滑らかな ②順調な ③（服のしわ）をのばす，（髪）をなでつける,形容詞,,Part1,256,
direct,①直接的な ②～を指揮［監督，演出］する ③（注意など）を向ける ④～に道を教える,形容詞,,Part1,257,
familiar,①知られた ②（人が）（よく）知っている,形容詞,,Part1,258,
similar,（to ～）（～に）似た,形容詞,,Part1,259,
differ,異なる,自動詞,,Part1,260,
vary,さまざまだ，変わる,自動詞,,Part1,261,
specific,①特定の ②明確な，具体的な,形容詞,,Part1,262,
common,①普及した，普通の ②（主に名詞の前で）共通の,形容詞,,Part1,263,
unusual,珍しい,形容詞,,Part1,264,
add,①～を加える ②（to ～）（～を）増やす,他動詞,,Part1,265,
increase,①増える ②～を増やす ③（in ～）（～の）増加,自動詞,,Part1,266,
reduce,①～を減らす ②（A to B） A をB にする,他動詞,,Part1,267,
divide,①～を分割する ②（by ～）（～によって）（数字）を割る,他動詞,,Part1,268,
count,①～を数える ②数える ③重要である ④（on ～）（～を）（全面的に）当てにする,他動詞,,Part1,269,
weigh,①～の重さがある ②～の重さを量る ③～を（比較）検討する,自動詞,,Part1,270,
quarter,①4 分の1 ，15分，25セント ②（都市のある特定な）地域,名詞,,Part1,271,
lot,①（a － of ～）多くの～ ②（副詞的に）（a －）とても ③（one's）（～の）状況，運命 ④（何らかの目的を持つ）土地,名詞,,Part1,272,
pile,①積み重ね，山 ②多量 ③～を積み重ねる,名詞,,Part1,273,
rate,①割合，速さ ②（ホテルなどの一定の）料金 ③～を評価する,名詞,,Part1,274,
figure,①数字 ②人物 ③スタイル，体つき ④図 ⑤目立つ,名詞,,Part1,275,
lack,①（（a）－ of ～）（～の）不足 ②～を欠いている,名詞,,Part1,276,
extra,①余分な，追加の，臨時の ②余分な［追加された］もの,形容詞,,Part1,277,
ready,①用意ができている ②（be ～ to do）進んで～する,形容詞,,Part1,278,
prepare,①～の準備をする，用意をする ②準備をする，用意をする ③（be －d to do）（～する）準備ができている,他動詞,,Part1,279,
adjust,①（to ～）（～に）慣れる ②～を調整する,自動詞,,Part1,280,
apply,①（to ～）（～に）当てはまる ②（for ～）（～に）申し込む ③～を当てはめる，応用する ④（薬，口紅など）を塗る,自動詞,,Part1,281,
suit,①（人）に適している，好都合だ ②（服装，色が人）に似合う ③訴訟（＝lawsuit） ④ スーツ,他動詞,,Part1,282,
case,①場合 ②（the －）事実 ③（犯罪）事件 ④症例 ⑤（make a －）主張（する）,名詞,,Part1,283,
scene,①（劇，小説などの）場面 ②（事故）現場 ③（the ～ scene）～（業）界,名詞,,Part1,284,
chance,①（to do）（～する）機会 ②（of ～ / that S V）（～の/ ～する）可能性,名詞,,Part1,285,
opportunity,（よい）機会，好機,名詞,,Part1,286,
experience,①経験 ②（個々の）体験 ③～を経験する,名詞,,Part1,287,
time,①（漠然とした）時間 ②（ある長さの）時間 ③回数 ④倍 ⑤（－s）情勢，時代 ⑥（接続詞的に（the） next －）次に～するとき,名詞,,Part1,288,
spring,①春 ②泉，温泉 ③飛び出る，突然出現する,名詞,,Part1,289,
minute,①（時間の）分 ②（a －）ちょっとの間 ③（－s）議事録 ④とても小さい，細かい ⑤（the －）～するとすぐに,名詞,,Part1,290,
period,①時代 ②期間 ③（学校の）時限,名詞,,Part1,291,
generation,①世代 ②生み出すこと ③発電,名詞,,Part1,292,
anniversary,記念日,名詞,,Part1,293,
recently,最近，近ごろ,副詞,,Part1,294,
used,①（to ～）以前は～だった，よく～したものだ ②（be － to doing）（～することに）慣れている ③中古の,助動詞,,Part1,295,
early,①（時間，時期が）早く，初期に ②（予定より）早く ③早い，初期の,副詞,,Part1,296,
first,①第1 の ②（for the － time）初めて ③ 初めて ④（文頭で）まず第1 に（＝firstly） ⑤（at －）最初のうちは,形容詞,,Part1,297,
latest,（the －）最新の,形容詞,,Part1,298,
modern,①現代の ②近代的な,形容詞,,Part1,299,
latter,①後半の ②（the －）後者,形容詞,,Part1,300,
spend,①（時間）を費やす ②（お金）を使う,他動詞,,Part1,301,
delay,①～を遅らせる ②遅延，延期,他動詞,,Part1,302,
borrow,～を借りる,他動詞,,Part1,303,
lend,①（無償で）～を貸す ②（銀行が利子をつけて）を貸す,他動詞,,Part1,304,
rent,①～を借りる ②（A to B）（A）を（B に）賃貸しする ③家賃，賃貸料，使用料,他動詞,,Part1,305,
provide,～を供給する，与える,他動詞,,Part1,306,
shelf,棚（の一段）,名詞,,Part1,307,
board,①（細長い）板 ②（幹部などによる）委員会 ③～に乗る,名詞,,Part1,308,
garbage,ごみ,名詞,,Part1,309,
item,①品物 ②項目 ③（短い）記事,名詞,,Part1,310,
wheel,①車輪 ②（the －）ハンドル ③（車輪のついたもの）を動かす,名詞,,Part1,311,
note,①メモ ②〈英〉紙幣 ③（that S V）（～ということ）を指摘する ④ ～に注意を払う,名詞,,Part1,312,
present,①プレゼント ②現在 ③現在の ④ 出席して，存在して ⑤～を贈る，提示する,名詞,,Part1,313,
stuff,①（漠然とした）もの ②～を詰める,名詞,,Part1,314,
string,①ひも ②（a － of ～）一連の～ ③（ギターなどの）弦,名詞,,Part1,315,
leisure,①余暇 ②（形容詞的に）余暇の,名詞,,Part1,316,
diet,①食事 ②規定食 ③（D－） （日本の）国会,名詞,,Part1,317,
furniture,家具〈不可算〉,名詞,,Part1,318,
refrigerator,冷蔵庫,名詞,,Part1,319,
traffic,交通（量）〈不可算〉,名詞,,Part1,320,
jam,①渋滞 ②ジャム,名詞,,Part1,321,
sell,①～を売る ②売れる,他動詞,,Part1,322,
pay,①（A for B） （B の代金としてA）を支払う ②（for A） （A の代金を）支払う ③（仕事などが）割に合う ④給料,他動詞,,Part1,323,
wear,①～を身につけている ②～をすり減らす ③すり減る,他動詞,,Part1,324,
clothes,服〈複数扱い〉,名詞,,Part1,325,
marry,～と結婚する,他動詞,,Part1,326,
greet,～に挨拶する，出迎える,他動詞,,Part1,327,
order,①～を注文する ②（医者や上官などが）～に命令する ③ 注文 ④命令 ⑤順序 ⑥秩序,他動詞,,Part1,328,
room,①部屋 ②余地，空間〈不可算〉,名詞,,Part1,329,
story,階,名詞,,Part1,330,
site,①用地 ②現場，場所 ③（史跡などの）跡,名詞,,Part1,331,
yard,①（主に〈米〉）庭 ②ヤード（＝約0.9 m）,名詞,,Part1,332,
bottom,①底 ②一番下，最下位 ③ 尻,名詞,,Part1,333,
line,①列 ②行，線 ③電話回線 ④セリフ ⑤（up）並ぶ,名詞,,Part1,334,
row,①列 ②（ボート）をこぐ,名詞,,Part1,335,
background,①背景 ②経歴，生い立ち,名詞,,Part1,336,
direction,①方向，方角 ②（－s）道順 ③指示,名詞,,Part1,337,
art,①芸術 ②技術 ③（liberal －s）一般教養,名詞,,Part1,338,
culture,①文化 ②培養，養殖 ③教養 ④～を耕す，栽培［養殖］する,名詞,,Part1,339,
cartoon,漫画,名詞,,Part1,340,
novel,①小説 ②斬新な,名詞,,Part1,341,
instrument,①楽器 ②器具,名詞,,Part1,342,
tune,①曲 ②（番組）にチャンネルを合わせる ③～の調子を合わせる,名詞,,Part1,343,
sentence,①（ 1 つ1 つの）文 ②判決 ③（A to B）（A）を（B）の刑にする,名詞,,Part1,344,
article,①記事 ②品物 ③冠詞 ④条項,名詞,,Part1,345,
passage,①（文章などの）一節 ②（時の）経過，移動 ③通路,名詞,,Part1,346,
vocabulary,語彙,名詞,,Part1,347,
rumor,うわさ,名詞,,Part1,348,
spell,①～をつづる ②呪文 ③（天気などのある一続きの）期間,他動詞,,Part1,349,
pronounce,①（単語など）を発音する ②（判決など）を宣告する，～と断言する,他動詞,,Part1,350,
sign,①兆候，印 ②標識，看板，掲示 ③ ～を署名する,名詞,,Part1,351,
mean,①～を意味する ②（to do）～するつもりだ ③意地悪な,他動詞,,Part1,352,
publish,①～を出版する ②（公式に結果など）を発表する,他動詞,,Part1,353,
display,①～を展示する ②（実力など）を発揮する ③～を誇示する ④展示，表現，誇示,他動詞,,Part1,354,
trust,①～を信頼する ②信頼，信用,他動詞,,Part1,355,
depend,①（物，事が主語）（on ～）（～）次第である ②（人が主語）（on ～）（～に）頼っている,自動詞,,Part1,356,
rely,（on ～）（～に）頼る,自動詞,,Part1,357,
pray,祈る,自動詞,,Part1,358,
beg,①～を嘆願する ②求める,他動詞,,Part1,359,
prefer,（A to B） （B よりA）を好む,他動詞,,Part1,360,
weep,しくしく泣く,自動詞,,Part1,361,
hate,～を嫌う,他動詞,,Part1,362,
worry,①心配をする ②心配（事）,自動詞,,Part1,363,
anxious,①（about ～）（～を）心配して ②（to do / for ～）（～を）切望して,形容詞,,Part1,364,
satisfy,①～を満足させる ②（必要性，空腹など）を満たす,他動詞,,Part1,365,
annoy,～をいらだたせる,他動詞,,Part1,366,
bother,①～に面倒をかける ②（to do）わざわざ～する ③面倒なもの,他動詞,,Part1,367,
disturb,①（うるさくして）～に迷惑をかける ②（平和など）を乱す,他動詞,,Part1,368,
frighten,～をおびえさせる,他動詞,,Part1,369,
upset,①～を動揺させる ②（均衡など）を乱す ③動揺して，腹を立てて,他動詞,,Part1,370,
regret,①～を後悔する ②（to do）残念ながら～しないといけない ③後悔,他動詞,,Part1,371,
favor,①親切な行為 ②支持,名詞,,Part1,372,
interest,①関心 ②（－s）利益 ③（銀行などの）利子,名詞,,Part1,373,
pity,①残念なこと〈可算〉 ②哀れみ〈不可算〉,名詞,,Part1,374,
due,①（due to （名詞））（名詞）が原因で ②締め切りの ③到着［出産］予定の,形容詞,,Part1,375,
reason,①理由 ②理性 ③～を推理する ④思考する，判断する,名詞,,Part1,376,
result,①結果 ②（in ～）結果として（～に）なる ③（from ～）（～の）結果として生じる,名詞,,Part1,377,
effect,効果，影響，結果,名詞,,Part1,378,
influence,①影響（力） ②～に影響を与える,名詞,,Part1,379,
cause,①～を引き起こす ②原因,他動詞,,Part1,380,
affect,～に影響を与える，作用する,他動詞,,Part1,381,
way,①方法 ②（in ～ way）（～の）点（で） ③道 ④はるかに,名詞,,Part1,382,
manner,①方法 ②流儀，態度 ③（－s）マナー,名詞,,Part1,383,
purpose,目的,名詞,,Part1,384,
sake,①（for ～）ため ②日本酒,名詞,,Part1,385,
right,①（場所や時の副詞（句）を修飾して）ちょうど ②正しい，適切な ③右の ④（to ～）（～の）権利,副詞,,Part1,386,
complete,①完全な ②～を完成させる,形容詞,,Part1,387,
hardly,①（程度）ほとんど～ない ②（－ ever）めったに～ない,副詞,,Part1,388,
nearly,①ほとんど ②あやうく～しかける,副詞,,Part1,389,
partly,ある程度，部分的に,副詞,,Part1,390,
actually,①実は ②実際に,副詞,,Part1,391,
indeed,①（強調として）実際に，本当に ②（but を伴って）確かに～,副詞,,Part1,392,
even,①さえも ②（比較級の前で）さらに,副詞,,Part1,393,
exactly,①正確に ②〈会話で〉そのとおり,副詞,,Part1,394,
gradually,徐々に,副詞,,Part1,395,
therefore,それゆえに,副詞,,Part1,396,
instead,①代わりに ②（of ～）（～の）代わりに,副詞,,Part1,397,
until,①～まで（ずっと） ②～まで（ずっと）,前置詞,,Part1,398,
besides,①～に加えて ②おまけに,前置詞,,Part1,399,
except,①～を除いて ②（for ～）（～を）除いて,前置詞,,Part1,400,
debate,①討論 ②～を討論する,名詞,,Part2,401,
criticize,～を批判する,他動詞,,Part2,402,
accuse,①～を非難する ②～を告訴する,他動詞,,Part2,403,
insist,①（on ～）（～と）言い張る，（強く）主張する ②～と主張する,自動詞,,Part2,404,
object,①（to ～）（～に感情的に）反対する ②物 ③目的 ④（嘲笑，欲望などの）対象,自動詞,,Part2,405,
protest,①（against ～）（～に対して）抗議する ②抗議,自動詞,,Part2,406,
controversial,論争を招く，物議をかもす,形容詞,,Part2,407,
bound,①（to do）きっと～（する，～する［である］に違いない） ②（for ～）～行きで,形容詞,,Part2,408,
bet,①（that S V）きっと～だと思う ②～を賭ける,他動詞,,Part2,409,
congratulate,（人）を祝う，～にお祝いを述べる,他動詞,,Part2,410,
praise,①（A for B）（A）を（B のことで）褒める，称える ②賞賛,他動詞,,Part2,411,
honor,①名誉，栄誉 ②～を敬う,名詞,,Part2,412,
chat,①おしゃべりする ②おしゃべり,自動詞,,Part2,413,
refer,（to ～）①（人が主語）（～に）言及する，参照する ②（物が主語）（～を）示す,自動詞,,Part2,414,
mention,～について述べる，言及する,他動詞,,Part2,415,
convey,①～を伝える ②（乗客，音，病気など）を運ぶ,他動詞,,Part2,416,
emphasize,～を強調する,他動詞,,Part2,417,
exaggerate,①～を誇張する ②誇張する，大げさに言う,他動詞,,Part2,418,
reply,①（to ～）（～に）返事をする，答える ②返事，答え,自動詞,,Part2,419,
respond,①（to ～）（手紙や問いなどに）返答する ②（to ～）（～に）対応する，反応する,自動詞,,Part2,420,
whisper,①ささやく ②ささやき（声）,自動詞,,Part2,421,
remark,①発言 ②～と発言する,名詞,,Part2,422,
observe,①～を観察する ②（that S V）（気づいたことを）～と述べる ③（規則など）を遵守する ④（記念日など）を祝う,他動詞,,Part2,423,
theory,①理論 ②（学）説,名詞,,Part2,424,
analysis,分析,名詞,,Part2,425,
experiment,①実験 ②実験する,名詞,,Part2,426,
device,装置,名詞,,Part2,427,
phenomenon,①現象 ②特異なもの，天才,名詞,,Part2,428,
substance,①物質 ②本質，根拠,名詞,,Part2,429,
chemical,①（通例 －s）化学物質 ②化学の,名詞,,Part2,430,
fuel,①燃料 ②（感情など）を大きくする,名詞,,Part2,431,
nuclear,原子力の，核の,形容詞,,Part2,432,
statistics,①統計（値）〈複数扱い〉 ②統計学〈不可算〉,名詞,,Part2,433,
pursue,①～を追求する，続ける ②～を追跡する,他動詞,,Part2,434,
accomplish,～をやり遂げる,他動詞,,Part2,435,
overcome,～を克服する,他動詞,,Part2,436,
fulfill,①（義務，願望など）を果たす ②（必要など）を満たす,他動詞,,Part2,437,
devote,（A to B） （A）を（B に）ささげる,他動詞,,Part2,438,
aim,①狙う ②（-ed at ～）～向けだ ③狙い，目的,自動詞,,Part2,439,
challenge,①難問，課題 ②～に異議を唱える,名詞,,Part2,440,
trial,①試み ②裁判 ③試練,名詞,,Part2,441,
dizzy,めまいがして,形容詞,,Part2,442,
pale,①（顔色が）青白い，青ざめた ②（色が）淡い,形容詞,,Part2,443,
appetite,食欲,名詞,,Part2,444,
starve,①（be －ing）とてもお腹が空いている ②餓死する,自動詞,,Part2,445,
mental,①精神の ②知力の,形容詞,,Part2,446,
rest,①休憩 ②（the －）残り ③（横になったりして）休む ④（on ～）（～）次第だ ⑤～を休ませる,名詞,,Part2,447,
ache,①痛み ②痛む,名詞,,Part2,448,
surgery,①手術 ②外科（① ②ともに〈不可算〉),名詞,,Part2,449,
disease,病気,名詞,,Part2,450,
symptom,①（通例 －s）症状 ②兆候,名詞,,Part2,451,
cancer,①がん ②（C－）カニ座,名詞,,Part2,452,
ambulance,救急車,名詞,,Part2,453,
recover,①（from ～）（～から）回復する ②（盗品など）を取り戻す,自動詞,,Part2,454,
sore,①（のどや筋肉が）痛い ②（話題など）触れてほしくない，心が痛む,形容詞,,Part2,455,
swell,①（手足などが）腫れる ②（風船，費用などが）膨らむ,自動詞,,Part2,456,
cough,①咳をする ②咳〈可算〉,自動詞,,Part2,457,
bleed,出血する,自動詞,,Part2,458,
faint,①（色，光などが）かすかな ②気絶する ③気絶,形容詞,,Part2,459,
exhaust,①～を疲れ果てさせる ②～を使い果たす ③排出，排気ガス,他動詞,,Part2,460,
cure,①～を治療する ②治療法,他動詞,,Part2,461,
disabled,①障がいのある ②（the －）（集合的に）障がいのある人,形容詞,,Part2,462,
stiff,①（筋肉などが）凝った，（動かすと）痛い ② 堅い,形容詞,,Part2,463,
muscle,筋肉,名詞,,Part2,464,
tongue,①舌 ②言語，言葉 ③（have a ～ tongue）話し方,名詞,,Part2,465,
sense,①感覚 ②分別 ③意味 ④（何となく）～を感じる,名詞,,Part2,466,
sweat,①汗（通例〈不可算〉） ②汗をかく,名詞,,Part2,467,
nationality,国籍,名詞,,Part2,468,
citizen,①市民 ②国民,名詞,,Part2,469,
civil,①（一般）市民の ②国内の ③礼儀正しい,形容詞,,Part2,470,
racial,人種の，民族の,形容詞,,Part2,471,
domestic,①国内の ②家庭内の,形容詞,,Part2,472,
rural,田舎の,形容詞,,Part2,473,
suburb,（通例the －s）郊外,名詞,,Part2,474,
border,①国境（地帯），境界 ②～を縁取る,名詞,,Part2,475,
burden,重荷，負担,名詞,,Part2,476,
impact,①（on ～）（～への）影響 ②（物体間の）衝撃 ③（on ～）（～に）影響を及ぼす,名詞,,Part2,477,
status,①地位 ②（特定の時点の）状況,名詞,,Part2,478,
equal,①（to ～）（～に）等しい，平等な ②～に等しい,形容詞,,Part2,479,
relationship,①関係 ②親密な関係 （①②ともに〈可算〉）,名詞,,Part2,480,
reputation,（人，物の）評判〈可算〉,名詞,,Part2,481,
trend,①（世の中の）風潮，傾向 ②流行,名詞,,Part2,482,
service,①（政府あるいは企業による）事業，制度 ②（電車，バスの）便 ③サービス，接客〈不可算〉,名詞,,Part2,483,
religion,宗教,名詞,,Part2,484,
moral,①道徳的な ②（物語の）教訓 ③（－s）道徳,形容詞,,Part2,485,
standard,①基準，水準 ②標準の,名詞,,Part2,486,
prosperity,繁栄,名詞,,Part2,487,
crisis,危機,名詞,,Part2,488,
prejudice,①偏見，先入観 ②～に偏見をもたせる,名詞,,Part2,489,
discrimination,①差別 ②識別,名詞,,Part2,490,
charity,①慈善（事業）〈不可算〉 ②慈善団体〈可算〉 ③（形容詞的に）慈善のための,名詞,,Part2,491,
benefit,①恩恵 ②（－s）手当 ③（from ～）（～から）利益を得る ④～に利益を与える,名詞,,Part2,492,
welfare,①福祉 ②（健康なども含めた）幸福 ③生活保護,名詞,,Part2,493,
community,（地域）社会，共同体（の人々）,名詞,,Part2,494,
individual,①個人，個体 ②個人の，個々の,名詞,,Part2,495,
official,①役人，役員 ②公式の,名詞,,Part2,496,
immigrant,（外国からの）移民,名詞,,Part2,497,
volunteer,①ボランティア ②（to do）（～することを）進んで引き受ける,名詞,,Part2,498,
contribute,（to ～）①（～に）貢献する ②（～の）一因となる ③（A to B）（A）を（B に）寄付する，提供する,自動詞,,Part2,499,
abolish,～を廃止する,他動詞,,Part2,500,
impose,（A on B）（A）を（B に）課す，押しつける,他動詞,,Part2,501,
access,① 利用する権利 ②（場所への）接近方法,名詞,,Part2,502,
duty,① 義務 ②関税,名詞,,Part2,503,
compulsory,①義務的な ②規定の,形容詞,,Part2,504,
responsible,①（人が主語）責任がある ②（物が主語）原因となっている,形容詞,,Part2,505,
policy,①政策 ②方針 ③保険契約，約款,名詞,,Part2,506,
elect,～を（選挙で）選ぶ,他動詞,,Part2,507,
industry,①工業 ②（the ～ industry）産業，業界 ③ 勤勉,名詞,,Part2,508,
income,収入,名詞,,Part2,509,
profit,利益，利潤,名詞,,Part2,510,
tax,税金（〈米〉→〈可算〉 〈英〉→〈不可算〉）,名詞,,Part2,511,
expense,①費用，経費 ②（at the － of ～）（～を）犠牲（にして）,名詞,,Part2,512,
debt,借金,名詞,,Part2,513,
deposit,①預金 ②頭金，保証金 ③埋蔵物 ④ ～を預ける,名詞,,Part2,514,
charge,①料金 ②責任，管理 ③（against ～）（～に対する）非難，告訴 ④～を請求する ⑤～を告訴する ⑥～を充電する,名詞,,Part2,515,
wage,①賃金 ②（闘争，運動など）を行う,名詞,,Part2,516,
recession,不況，不景気,名詞,,Part2,517,
consume,～を消費する,他動詞,,Part2,518,
waste,①～を浪費する ②浪費，無駄 ③廃棄物〈不可算〉,他動詞,,Part2,519,
invest,①（A in B）（A）を（B に）投資する ②（A with B）（A）に（B を）与える,他動詞,,Part2,520,
import,①～を輸入する ②輸入，輸入品,他動詞,,Part2,521,
financial,財政的な，金銭的な,形容詞,,Part2,522,
hire,①～を（一時的に）雇う ②（金を払って短期間）～を借りる,他動詞,,Part2,523,
employ,①（人）を雇う ②（物，事）を用いる,他動詞,,Part2,524,
resign,①（as ～）（～を）辞職する ②（地位など）を辞める,自動詞,,Part2,525,
qualify,①（for ～）（～の）資格がある ②（as ～）（～としての）資格を得る ③～に資格を与える,自動詞,,Part2,526,
assign,①～を割り当てる ②～を配属する,他動詞,,Part2,527,
occupation,①職業〈可算〉 ②占有，占領〈不可算〉,名詞,,Part2,528,
career,①職業 ②経歴,名詞,,Part2,529,
profession,①（専門的な）職業 ②（the －）同業者集団,名詞,,Part2,530,
unemployment,①失業 ②失業率（＝－rate），失業者数 （① ② ともに〈不可算〉）,名詞,,Part2,531,
document,①書類，資料 ②～を記録する,名詞,,Part2,532,
department,①（組織の）部門，課 ②（大学の）学科 ③（米国などの）省,名詞,,Part2,533,
branch,①支店，支局 ②（学問の）部門 ③枝,名詞,,Part2,534,
retail,①小売り〈不可算〉 ②小売りされている,名詞,,Part2,535,
system,①組織，制度 ②体系 （①②ともに〈可算〉）,名詞,,Part2,536,
structure,構造,名詞,,Part2,537,
architecture,建築（様式）〈不可算〉,名詞,,Part2,538,
construction,建設〈不可算〉,名詞,,Part2,539,
function,①機能 ②機能する,名詞,,Part2,540,
surface,①表面 ②表面化する,名詞,,Part2,541,
aspect,側面,名詞,,Part2,542,
edge,①端 ②（ナイフなどの）刃 ③優位,名詞,,Part2,543,
consist,①（of ～）（～で）構成されている ②（in ～）（～に）ある,自動詞,,Part2,544,
compose,①～を構成する，組み立てる ②～を作曲［作文］する ③～を落ち着かせる,他動詞,,Part2,545,
attach,①～をくっつける，添付する ②～に愛着を持たせる,他動詞,,Part2,546,
connect,①～をつなげる ②～を関連づける ③つながる,他動詞,,Part2,547,
relate,①（A to B）（A）を（B に）関連づける ②～を（順序立てて）話す ③（to ～）（～の）気持ちがわかる,他動詞,,Part2,548,
associate,①（A with B）（A）を（B と）関連づける，（A）から（B を）連想する ②（with ～） （～と）付き合う ③同僚，共同経営者,他動詞,,Part2,549,
stick,①～を貼り付ける ②（舌や脚）を出す ③（to）（規則などを）守る，固執する,他動詞,,Part2,550,
separate,①～を引き離す ②別々の,他動詞,,Part2,551,
thief,泥棒,名詞,,Part2,552,
crime,犯罪,名詞,,Part2,553,
motive,動機,名詞,,Part2,554,
punish,（（人）for ～）（人）を（～の理由で）罰する,他動詞,,Part2,555,
violate,①（法律など）に違反する ②（権利など）を侵害する,他動詞,,Part2,556,
legal,①合法の ②法律の，法的な,形容詞,,Part2,557,
enemy,①敵 ②（形容詞的に）敵の,名詞,,Part2,558,
compete,①競争する ②（in ～）（競技などに）参加する,自動詞,,Part2,559,
defeat,①（相手）を打ち負かす ②敗北,他動詞,,Part2,560,
victim,犠牲者,名詞,,Part2,561,
obstacle,（to ～）（～に対する）障害〈可算〉,名詞,,Part2,562,
harm,①害〈不可算〉 ②～に害を与える,名詞,,Part2,563,
invade,①（プライバシーなど）を侵害する ②（国など）に侵入する，～を侵略する,他動詞,,Part2,564,
endanger,～を危険にさらす,他動詞,,Part2,565,
interrupt,①～を中断する ②～を遮る ③人の話を遮る,他動詞,,Part2,566,
spoil,①～を台無しにする ②（子ども）を甘やかす,他動詞,,Part2,567,
spectator,観客,名詞,,Part2,568,
relative,①（家族も含めて）親戚 ②相対的な,名詞,,Part2,569,
enter,①～に入る ②～を入力する ③（into ～）（ある段階などに）入る,他動詞,,Part2,570,
accompany,①（人が主語）～と一緒に行く ②（物が主語）～に伴う,他動詞,,Part2,571,
departure,①出発 ②逸脱,名詞,,Part2,572,
destination,①目的地 ②（tourist －）旅行先，観光地,名詞,,Part2,573,
transportation,交通機関〈不可算〉,名詞,,Part2,574,
via,①～経由で ②～によって,前置詞,,Part2,575,
lead,①（to ～）（～に）至る ②（a ～ life）（～な生活）を送る ③（A to do）A に～させる ④鉛，（シャーペンなどの）芯,自動詞,,Part2,576,
rise,①上がる，昇る ②上昇,自動詞,,Part2,577,
lower,～を下げる,他動詞,,Part2,578,
flow,①流れる ②流れ,自動詞,,Part2,579,
burst,①破裂する，爆発する ②（慣用句で）突然～し始める,自動詞,,Part2,580,
crack,①割れる，砕ける ②（パンと）音を出す ③～を割る，砕く ④割れ目,自動詞,,Part2,581,
melt,①（固体が）溶ける ②～を溶かす,自動詞,,Part2,582,
progress,①進歩，前進 〈不可算〉 ②進歩する，進む,名詞,,Part2,583,
advance,①進歩，前進 〈可算〉 ②（軍隊などが）前進する，進歩する ③事前の,名詞,,Part2,584,
deal,①（with～）（～を）扱う ②取り引き,自動詞,,Part2,585,
handle,①～を扱う ②（手で）～を扱う，触れる ③取っ手,他動詞,,Part2,586,
cope,（with～）（～に）（うまく）対処する,自動詞,,Part2,587,
treat,①（副詞を伴って）～を扱う ②（病人，病気）を治療する ③（A to B） （A） に（Bを）おごる ④楽しみ,他動詞,,Part2,588,
clue,（to ～）（～の）手がかり,名詞,,Part2,589,
restrict,～を制限する,他動詞,,Part2,590,
limit,①（数量，範囲）を制限する ②制限,他動詞,,Part2,591,
forbid,～を禁じる,他動詞,,Part2,592,
ban,①禁止〈可算〉 ②～を禁止する,名詞,,Part2,593,
refuse,①～を断る ②（to do）～するのを拒む,他動詞,,Part2,594,
reject,①～を拒絶する ②（人）を除け者にする,他動詞,,Part2,595,
persuade,（A to do）（A）を説得して～させる,他動詞,,Part2,596,
convince,①（A of B）（A）に （Bを）確信させる，（A that S V）（A）に（～を） 確信させる ②（A to do）（A）を説得して～させる,他動詞,,Part2,597,
inspire,①～を奮起させる，かき立てる ②（作品）に創作のヒントを与える,他動詞,,Part2,598,
discourage,～のやる気をなくさせる，落胆させる,他動詞,,Part2,599,
promote,①～を促進する ②（be［get］－d to ～）（～に）出世［昇進］する,他動詞,,Part2,600,
expand,①拡大する，膨張する ②～を拡大する，膨張させる,自動詞,,Part2,601,
extend,①～を延長する，広げる ②伸びる，広がる,他動詞,,Part2,602,
broaden,①～を広げる ②広がる,他動詞,,Part2,603,
spread,①～を広げる ②広がる ③広がり,他動詞,,Part2,604,
tie,①（荷物など）を縛る ②（ひも，ネクタイなど）を結ぶ ③ネクタイ （＝necktie） ④（家族などの）きずな,他動詞,,Part2,605,
bind,～を結びつける，縛る,他動詞,,Part2,606,
fasten,①～を固定する ②（ボタンなど）をかける，留める,他動詞,,Part2,607,
fix,①～を固定する ②～を修理する ③（主に 〈米〉）（食事，飲み物）を作る,他動詞,,Part2,608,
install,①（機械など）を設置する ②～をインストールする,他動詞,,Part2,609,
resist,①～を我慢する ②～に抵抗する,他動詞,,Part2,610,
obey,～に従う,他動詞,,Part2,611,
engage,①従事する ②（関心，注意など）を引く,自動詞,,Part2,612,
bump,（into～）①（～に）ぶつかる ②（～に）偶然出会う,自動詞,,Part2,613,
crash,①激突する ②（飛行機が）墜落する ③激突，墜落,自動詞,,Part2,614,
bend,①身をかがめる ②～を曲げる ③（道の）カーブ,自動詞,,Part2,615,
hug,①（人）を （愛情こめて）抱きしめる ②抱擁,他動詞,,Part2,616,
stare,①（at ～）（～を）じっと見つめる ②凝視,自動詞,,Part2,617,
gaze,①（at［on］～）（～を）見つめる ②視線，凝視,自動詞,,Part2,618,
glance,①ちらりと見る ②ちらりと見ること,自動詞,,Part2,619,
glimpse,①～がちらりと見える ②ちらりと見えること,他動詞,,Part2,620,
stretch,①（手足や体）を伸ばす，広げる ②伸ばす，広がる ③（ひと続きの）広がり,他動詞,,Part2,621,
stumble,①つまずく ②（across［into］～）（～に）偶然出会う,自動詞,,Part2,622,
press,①～を（強く）押す ②～を押しつける，勧める ③（the －）報道機関，出版,他動詞,,Part2,623,
drag,～を（ずるずると）引きずる,他動詞,,Part2,624,
lean,①（against［on］～）（～に）寄りかかる ②（forward）身を乗り出す ③（健康的に）痩せている,自動詞,,Part2,625,
scratch,①～をひっかく，かく ②ひっかき傷,他動詞,,Part2,626,
bow,①おじぎする ②おじぎ,自動詞,,Part2,627,
nod,①うなずく ②（off）うたた寝する ③うなずき，会釈,自動詞,,Part2,628,
sigh,①ため息をつく ②ため息,自動詞,,Part2,629,
yawn,①あくびをする ②あくび,自動詞,,Part2,630,
bury,①～を埋める ②～を埋葬する,他動詞,,Part2,631,
perform,①～を遂行する ②～を演じる，演奏する ③（副詞を伴い）やる,他動詞,,Part2,632,
adopt,①～を採用する ②～を養子にする,他動詞,,Part2,633,
escape,①（from ～）（～から）逃れる ②～を避ける ③逃亡,自動詞,,Part2,634,
scatter,①～をまき散らす ②（群衆などが）散る,他動詞,,Part2,635,
fold,①～を折る ②（up）～を折りたたむ ③（腕）を組む ④折りたためる,他動詞,,Part2,636,
hang,①～を掛ける ② ～を絞首刑にする ③ぶら下がる,他動詞,,Part2,637,
release,①～を解放する ②（映画など）を発表する，出す ③（ガスなど）を放出する ④解放，発売,他動詞,,Part2,638,
strike,①～を打つ ②（災害が）～を襲う ③（考えが人）に思い浮かぶ ④（A as B）（A）に（B という）印象を与える ⑤ストライキ,他動詞,,Part2,639,
beat,①～を打つ ②～に勝つ,他動詞,,Part2,640,
protect,～を守る，保護する,他動詞,,Part2,641,
twist,①～を（ねじ）曲げる ②（体の一部）をひねる，ねんざする,他動詞,,Part2,642,
stir,①（液体など）を混ぜる ②（up ～）（感情など）を呼び覚ます,他動詞,,Part2,643,
shake,①～を振る ②～を揺さぶる ③（恐怖，寒さで）震える,他動詞,,Part2,644,
burn,①焼ける ②～を燃やす，（CD など）を複製する,自動詞,,Part2,645,
skip,～をサボる，抜かす,他動詞,,Part2,646,
expose,①～をさらす ②（秘密，犯罪など）を暴露する,他動詞,,Part2,647,
dip,①～を（ちょっと）つける，浸す ②～を少し下げる,他動詞,,Part2,648,
polish,～を磨く,他動詞,,Part2,649,
cheat,①ごまかす ②～をだます,自動詞,,Part2,650,
attend,① ～に出席する，通う ②（to ～）（～に）注意を向ける ③（to ～）（～を）世話する,他動詞,,Part2,651,
participate,（in ～）（～に）参加する,自動詞,,Part2,652,
imitate,～をまねる,他動詞,,Part2,653,
exist,存在する,自動詞,,Part2,654,
arise,生じる,自動詞,,Part2,655,
occur,①生じる ②（to （人））（考えなどが（人）に）思いつく,自動詞,,Part2,656,
generate,（電気，利益など）を生み出す,他動詞,,Part2,657,
involve,①（be －d in ～）（事件などに）巻き込まれる ②（be －d in ～）（子育てなどに）参加する ③～を伴う,他動詞,,Part2,658,
require,～を必要とする,他動詞,,Part2,659,
counterpart,（to ～）（～に）対応する［（～と）同等の］人［物，事］,名詞,,Part2,660,
maintain,①～を維持する ②（that S V）（～）を（強く）主張する,他動詞,,Part2,661,
last,①（時間的に）続く ②（服などが）長持ちする （the last ～）③この前の～，最後の～ ④もっとも～でない ⑤（at －）ついに,自動詞,,Part2,662,
persist,①持続する，残る ②（in［with］～）（～を）貫く，（～に）固執する,自動詞,,Part2,663,
gain,①～を増す ②～を得る ③利益，増加,他動詞,,Part2,664,
obtain,（資格，許可，情報など）を得る,他動詞,,Part2,665,
acquire,①～を習得する ②～を獲得する ③～を買収する,他動詞,,Part2,666,
examine,①～を調査する ②～を検査する,他動詞,,Part2,667,
search,①（A for B） （B（物）を求めてA（場所））を捜す ②捜索，調査,他動詞,,Part2,668,
reunion,①同窓会 ②再会,名詞,,Part2,669,
scholarship,①奨学金〈可算〉 ②（人文科学の）学識〈不可算〉,名詞,,Part2,670,
logic,論理（学）,名詞,,Part2,671,
instruction,（通例－s）指示,名詞,,Part2,672,
determine,①～を決める，～に大きく影響する ②（be －d to do）～することを決意している ③（原因など）を特定する,他動詞,,Part2,673,
conclude,①（that S V）～と結論を下す ②～を終わりにする,他動詞,,Part2,674,
distinguish,～を区別する,他動詞,,Part2,675,
classify,～を分類する,他動詞,,Part2,676,
estimate,①～を推定する，見積もる ②（for ～）（～の）見積もり,他動詞,,Part2,677,
select,①（注意深く）～を選ぶ，精選する ②えり抜きの,他動詞,,Part2,678,
organize,①（考えなど）をまとめる ②～を組織化する，取りまとめる,他動詞,,Part2,679,
recognize,①（知り合いなど）が誰だかわかる ②（that S V）～を認識する,他動詞,,Part2,680,
suppose,①（be －d to do）～することになっている ②～と思う，仮定する,他動詞,,Part2,681,
assume,①～と思い込む，決めつける ②～を引き受ける,他動詞,,Part2,682,
care,①（否定文で）気にする ②世話をする ③世話，心配,自動詞,,Part2,683,
doubt,①～を疑う ②（that S V）～とは思わない ③疑い,他動詞,,Part2,684,
notice,①～に気がついている ②通知，掲示，注意,他動詞,,Part2,685,
aware,気づいている,形容詞,,Part2,686,
conscious,①意識している，気づいている ②意識がある,形容詞,,Part2,687,
concerned,①（with［about］～）（～に）関心を持っている，重視している ②（with ～）（～を）扱っている ③（about［for］～）（～を）心配している,形容詞,,Part2,688,
regard,①（A as B）（A）を（B と）みなす ②（副詞を伴い）～を評価する ③（in －）点 ④（－s）よろしくという挨拶,他動詞,,Part2,689,
commit,①（oneself to ～ / be －ed to ～）～に専念する ②（A to B） （A）を（B に）委ねる，充てる ③（犯罪など）を犯す,他動詞,,Part2,690,
memorize,～を暗記する,他動詞,,Part2,691,
approve,①（of ～）（～を）認める，承認する ②～を承認する,自動詞,,Part2,692,
forgive,（人，過ち）を許す,他動詞,,Part2,693,
grant,①～を認める ②（権利など）を与える ③交付，補助金,他動詞,,Part2,694,
recall,①～を思い出す ②（商品）を回収する，リコールする,他動詞,,Part2,695,
abandon,～を捨てる，放棄する,他動詞,,Part2,696,
rid,（get － of ～）①（不要品）を処分する ②～を取り除く,名詞,,Part2,697,
eliminate,①（不要な人，物，事）を排除する ②（be －d）敗退する,他動詞,,Part2,698,
relieve,①～を取り除く ②～を安心させる,他動詞,,Part2,699,
remove,①～を取り除く，取り去る ②（衣服）を脱ぐ,他動詞,,Part2,700,
resource,①（－s）（石油などの）資源，（人，国の）財産 ②（－s）（困難に立ち向かう）力量 ③（万一の頼みの）手段,名詞,,Part2,701,
conservation,保護,名詞,,Part2,702,
preserve,①（自然など）を保護する ②（景観，平和，食品など）を保つ,他動詞,,Part2,703,
disaster,①災害 ②大失敗,名詞,,Part2,704,
planet,①惑星 ②（the －）地球,名詞,,Part2,705,
environment,環境，周囲（の状況）,名詞,,Part2,706,
horizon,①水平線，地平線 ②（－s）視野,名詞,,Part2,707,
agriculture,農業〈不可算〉,名詞,,Part2,708,
crop,①作物 ②収穫（高） ③（up）生じる,名詞,,Part2,709,
soil,土，土壌,名詞,,Part2,710,
weed,①雑草，海草 ②～の雑草を抜く,名詞,,Part2,711,
drown,溺れ死ぬ,自動詞,,Part2,712,
leak,①漏れる ②～を漏らす ③漏れ,自動詞,,Part2,713,
climate,①気候 ②（政治，経済，文化の）状況,名詞,,Part2,714,
atmosphere,①（the－）大気 ②雰囲気 ③（the（ Earth's）－）大気圏,名詞,,Part2,715,
forecast,①予報 ②～を予報する,名詞,,Part2,716,
thermometer,①温度計，寒暖計 ②体温計,名詞,,Part2,717,
humid,湿気が多い,形容詞,,Part2,718,
tropical,熱帯の,形容詞,,Part2,719,
solar,太陽の,形容詞,,Part2,720,
mosquito,蚊,名詞,,Part2,721,
species,種〈単複同形〉,名詞,,Part2,722,
extinct,絶滅した,形容詞,,Part2,723,
feed,①～にえさを与える ②（子どもなど）を養う,他動詞,,Part2,724,
energetic,（人，運動などが）活発な,形容詞,,Part2,725,
greedy,貪欲な,形容詞,,Part2,726,
brave,勇敢な,形容詞,,Part2,727,
generous,気前のよい,形容詞,,Part2,728,
intellectual,知的な,形容詞,,Part2,729,
curious,①（人が主語）好奇心が強い ②（物が主語）奇妙な，好奇心をそそる,形容詞,,Part2,730,
imaginative,想像力豊かな,形容詞,,Part2,731,
talkative,おしゃべりの,形容詞,,Part2,732,
afford,①（can －）～する余裕がある ②（SVO1O2）（O1に）O2を与える,他動詞,,Part2,733,
eager,熱心な,形容詞,,Part2,734,
selfish,利己的な，自分勝手な,形容詞,,Part2,735,
aggressive,①攻撃的な ②積極的な,形容詞,,Part2,736,
cruel,残酷な,形容詞,,Part2,737,
addicted,～の中毒になっている,形容詞,,Part2,738,
stubborn,頑固な,形容詞,,Part2,739,
earnest,①真面目な ②（in －）真面目（に）,形容詞,,Part2,740,
bold,大胆な,形容詞,,Part2,741,
guilty,①申し訳なく思う，罪の意識がある ②（of ～）（～の）罪を犯した,形容詞,,Part2,742,
innocent,①（of ～）（～に関して）無実の ②無邪気な,形容詞,,Part2,743,
sincere,①（心から）誠実な ②（言動が）心からの，偽りのない,形容詞,,Part2,744,
modest,①（人が）謙虚な ②（物が）大きくない，高くない,形容詞,,Part2,745,
stupid,ばかな,形容詞,,Part2,746,
indifferent,無関心で,形容詞,,Part2,747,
punctual,（約束などの）時間を守る,形容詞,,Part2,748,
coward,臆病者,名詞,,Part2,749,
precise,正確な,形容詞,,Part2,750,
accurate,正確な,形容詞,,Part2,751,
proper,適切な,形容詞,,Part2,752,
tidy,①（主に〈英〉）きちんとした，整然とした ②～を整頓する,形容詞,,Part2,753,
neat,きちんとした,形容詞,,Part2,754,
efficient,①能率的な，無駄がない ②（人が）有能な,形容詞,,Part2,755,
reasonable,①理にかなった ②（値段が）手ごろな,形容詞,,Part2,756,
significant,①重要な ②（数量，増減，相違などが）かなりの,形容詞,,Part2,757,
precious,①（時間や命などが）貴重な ②（宝石などが）高価な,形容詞,,Part2,758,
essential,①不可欠な ②（－s）不可欠なもの,形容詞,,Part2,759,
fundamental,①根本的な，基本的な ②（－s）基本事項,形容詞,,Part2,760,
critical,①重大な，危機的な状況の ②批判的な,形容詞,,Part2,761,
serious,①深刻な ②（人が）真剣な，本気の,形容詞,,Part2,762,
complex,①複雑な ②複合体（の建物） ③強迫観念,形容詞,,Part2,763,
complicated,複雑な,形容詞,,Part2,764,
delicate,①繊細な，微妙な ②（人が）虚弱な,形容詞,,Part2,765,
plain,①明白な，わかりやすい ②質素な ③平野，原野,形容詞,,Part2,766,
obvious,明白な,形容詞,,Part2,767,
remarkable,注目すべき，すばらしい,形容詞,,Part2,768,
outstanding,傑出した，目立った,形容詞,,Part2,769,
various,さまざまな,形容詞,,Part2,770,
diverse,多様な,形容詞,,Part2,771,
sort,①種（類） ②（副詞的に）（－ of）多少 ③～を分類する,名詞,,Part2,772,
fancy,①高級な ②〈英〉～が欲しい，～したい,形容詞,,Part2,773,
marvelous,驚くべき,形容詞,,Part2,774,
fabulous,①とても素敵な ②莫大な,形容詞,,Part2,775,
active,積極的な，活発な,形容詞,,Part2,776,
positive,①前向きな，積極的な ②確信している,形容詞,,Part2,777,
pure,①純粋な ②（水，空気が）澄んだ,形容詞,,Part2,778,
steady,着実な，一定の,形容詞,,Part2,779,
flexible,柔軟な，融通のきく,形容詞,,Part2,780,
ripe,熟した,形容詞,,Part2,781,
mature,①成熟した，熟成した ②成熟する，熟成する,形容詞,,Part2,782,
stable,①安定した ②馬小屋，きゅう舎,形容詞,,Part2,783,
negative,否定的な，否定の,形容詞,,Part2,784,
vague,曖昧な，漠然とした,形容詞,,Part2,785,
weird,変な,形容詞,,Part2,786,
rough,①（表面が）粗い ②おおざっぱな ③（海，天候などが）荒れている,形容詞,,Part2,787,
severe,①（天候，批判，罰則などが）厳しい ②（けが，問題などが）ひどい,形容詞,,Part2,788,
passive,受動的な，消極的な,形容詞,,Part2,789,
vain,①（in －）無駄に ②（努力などが）無駄な ③うぬぼれの強い,形容詞,,Part2,790,
fake,①偽の，偽造の ②偽造品,形容詞,,Part2,791,
risky,危険な，危うい,形容詞,,Part2,792,
absurd,ばかげた,形容詞,,Part2,793,
odd,①奇妙な ②奇数の ③半端な，雑多な ④〈英〉（the －s）可能性,形容詞,,Part2,794,
contrast,①対比 ②～を対比する ③対照をなす,名詞,,Part2,795,
valid,①（理由，主張などが）妥当な，正当な ②（切符などが）有効な,形容詞,,Part2,796,
available,①手に入る，利用できる ②（人の予定が）空いている,形容詞,,Part2,797,
casual,①気楽な ②ふとした，何気ない,形容詞,,Part2,798,
rare,珍しい,形容詞,,Part2,799,
practical,①（人，知識が）現実的な，実際の ②（発明，道具などが）実用的な，実践的な,形容詞,,Part2,800,
brand-new,新品の，真新しい,形容詞,,Part2,801,
rapid,①急速な ②（－s）急流,形容詞,,Part2,802,
urgent,緊急の，差し迫った,形容詞,,Part2,803,
sharp,①（変化，方向転換などが）急激な ②（言葉が）きつい ③（刃物，感覚，人などが）鋭い ④（時刻が）きっちりで,形容詞,,Part2,804,
calm,①落ち着いた ②落ち着く ③～を落ち着かせる,形容詞,,Part2,805,
shallow,①浅い ②（人，言動などが）浅はかな,形容詞,,Part2,806,
bare,①むき出しの ②最低限の,形容詞,,Part2,807,
naked,（人が）裸の，むき出しの,形容詞,,Part2,808,
independent,①独立した，無所属の ②無所属の人,形容詞,,Part2,809,
tense,①張り詰めた ②（人が）緊張した ③時制,形容詞,,Part2,810,
broad,幅広い,形容詞,,Part2,811,
narrow,①狭い ②～を狭くする，細める,形容詞,,Part2,812,
vacant,空いている，使用されていない,形容詞,,Part2,813,
vivid,①（記憶，描写などが）鮮明な ②（色が）鮮明な,形容詞,,Part2,814,
mutual,①（感情，行為が）相互の ②（友だち，趣味などが）共通の,形容詞,,Part2,815,
awkward,①ぎこちない ②気まずい ③扱いにくい,形容詞,,Part2,816,
objective,①客観的な ②目標,形容詞,,Part2,817,
manual,①手を使う，身体を使う ②手動の ③手引き書,形容詞,,Part2,818,
alike,①似ている ②（A and B －）（A もB も）同様に,形容詞,,Part2,819,
tend,（to do）～する傾向にある,自動詞,,Part2,820,
deserve,～に値する,他動詞,,Part2,821,
fragment,破片〈可算〉,名詞,,Part2,822,
ease,①簡単さ ②（痛み，心配など）を和らげる，楽にする,名詞,,Part2,823,
range,①範囲 ②（from A to B）（A からB の）範囲に及ぶ,名詞,,Part2,824,
scale,①規模 ②（－s）体重計 ③うろこ,名詞,,Part2,825,
unique,①（to ～）（～に）特有の，独自の ②独特の,形容詞,,Part2,826,
particular,①ある特定の，特有の ②（about ～）（～の）好みがうるさい ③（in －）特に（＝particularly）,形容詞,,Part2,827,
general,①一般的な，全体の ②大将，将軍,形容詞,,Part2,828,
ordinary,平凡な，ふつうの,形容詞,,Part2,829,
typical,典型的な,形容詞,,Part2,830,
account,（for ～）①（割合を）占める ②（～の原因を）説明する ③説明 ④口座,自動詞,,Part2,831,
calculate,～を計算する,他動詞,,Part2,832,
measure,①～を測る ②～の寸法がある ③（－s）手段,他動詞,,Part2,833,
split,①～を割る ②～を分裂させる ③分裂する ④分裂，裂け目，割れ目,他動詞,,Part2,834,
volume,①容積，体積 ②ボリューム，音量 ③（全集などの）1巻,名詞,,Part2,835,
proportion,①比率 ②部分 ③（－s）規模，大きさ,名詞,,Part2,836,
dozen,①ダース ②（－s of ～）数十の～,名詞,,Part2,837,
amount,①量 （to ～）②（合計が）～に達する ③結局～になる,名詞,,Part2,838,
mass,①大量 ②（the －es）大衆 ③かたまり ④質量 ⑤（M－）ミサ,名詞,,Part2,839,
shortage,不足〈可算〉,名詞,,Part2,840,
enormous,莫大な，巨大な,形容詞,,Part2,841,
spare,①余分な，予備の ②（時間やお金，労力）を割く ③～を惜しむ,形容詞,,Part2,842,
arrange,①～を手配する ②～を整理する,他動詞,,Part2,843,
adapt,①適応する ②～を適応させる,自動詞,,Part2,844,
match,①～と調和する ②～に匹敵する ③釣り合う人［物］，好敵手,他動詞,,Part2,845,
fit,①（サイズが人）に合う ②健康な ③（to do）（～するのに）適した,他動詞,,Part2,846,
emergency,①緊急事態 ②（形容詞的に）緊急の,名詞,,Part2,847,
occasion,①場合 ②行事，祝い事,名詞,,Part2,848,
circumstance,（通例 －s）状況，事情,名詞,,Part2,849,
incident,（主に不快な）出来事,名詞,,Part2,850,
current,①最新の，今の ②流通して ③流れ，風潮,形容詞,,Part2,851,
temporary,一時的な,形容詞,,Part2,852,
permanent,永久的な,形容詞,,Part2,853,
previous,（時間，順序で）前の，以前の,形容詞,,Part2,854,
former,①（the －）前者 ②前任の,名詞,,Part2,855,
annual,①年に1度の ②1年間の,形容詞,,Part2,856,
contemporary,①現代の ②同時代の ③同時代の人,形容詞,,Part2,857,
lately,最近,副詞,,Part2,858,
immediately,すぐに,副詞,,Part2,859,
supply,①～を供給する ②供給,他動詞,,Part2,860,
replace,①～に取って代わる ②（A with B）（A）を（B に）取り替える,他動詞,,Part2,861,
exchange,①～を交換する ②交換,他動詞,,Part2,862,
substitute,①（A for B） （B の）代わりに（A）を用いる ②（for ～）（～の）代わりになる，代わりをする ③代わりの ④（for ～）（～の）代用品，代理人,他動詞,,Part2,863,
submit,①（願書，辞表など）を提出する ②（to ～）（～に）服従する,他動詞,,Part2,864,
alternative,①（to ～）（～の）代わりのもの ②選択肢 ③代わりの,名詞,,Part2,865,
deliver,①～を配達する ②（演説など）をする,他動詞,,Part2,866,
enclose,①～を同封する ②～を囲む，閉じ込める,他動詞,,Part2,867,
envelope,封筒,名詞,,Part2,868,
trick,①（悪意のない）いたずら ②（巧妙な）手口，策略 ③芸，手品 ④（of ～）秘けつ ⑤～をだます,名詞,,Part2,869,
load,①荷（物）〈可算〉 ②（A with B）（A）に（B を）積む,名詞,,Part2,870,
content,①中身，内容 ②（with ～）（～に）満足して,名詞,,Part2,871,
routine,①日課，決まり切った仕事 ②日課の,名詞,,Part2,872,
household,①（集合的に）所帯，家庭〈可算〉 ②家庭の,名詞,,Part2,873,
good,①（－s）商品 ②利益 ③（a － many ～）かなりの,名詞,,Part2,874,
luxury,①高級（品），ぜいたく品 ②（形容詞的に）豪華な，ぜいたくな,名詞,,Part2,875,
credit,①（－ card）クレジットカード ②功績，手柄 ③（大学の）単位 ④～の功績を認める,名詞,,Part2,876,
questionnaire,アンケート,名詞,,Part2,877,
reservation,①予約 ②慎重な姿勢,名詞,,Part2,878,
applause,拍手〈不可算〉,名詞,,Part2,879,
fuss,大騒ぎ,名詞,,Part2,880,
reward,①報酬，褒美 ，懸賞金 ②～に褒美を与える，報いる,名詞,,Part2,881,
farewell,別れ（のあいさつ）,名詞,,Part2,882,
reception,①もてなし，歓迎会 ②（ホテルの）フロント ③受信状況,名詞,,Part2,883,
hospitality,もてなし，歓迎,名詞,,Part2,884,
portion,①（食事の）1盛り ②（食堂などでの）1人前 ③一部,名詞,,Part2,885,
laundry,①〈米〉洗濯 ②〈米〉洗濯物 ③クリーニング店（＝a cleaner's）,名詞,,Part2,886,
stain,①シミ，汚れ ②～にシミをつける，～を汚す,名詞,,Part2,887,
dye,①～を染める ②染料,他動詞,,Part2,888,
outlet,①（電気の）コンセント ②（販売）店 ③（感情などの）はけ口,名詞,,Part2,889,
nap,①昼寝，仮眠 ②昼寝をする，仮眠をとる,名詞,,Part2,890,
wake,①目が覚める ②（眠っている人）を起こす,自動詞,,Part2,891,
vending machine,自動販売機,名詞,,Part2,892,
grocery,①食料雑貨店 ②（-ies）食料雑貨類,名詞,,Part2,893,
appointment,①（病院などの）予約，（面会の）約束 ②（役職などの）任命，指名,名詞,,Part2,894,
consult,①～に相談する ②（辞書）を引く ③（with ～）（～に）相談する,他動詞,,Part2,895,
register,①～を登録する，記録する ②（for ～）（授業などに）登録する ③（ホテルなどで）記帳する ④登録（票），登録簿,他動詞,,Part2,896,
subscribe,①（to ～）（～を）定期購読する，加入している ②（主に否定文で）（to ～）（考えなどを）支持する,自動詞,,Part2,897,
guarantee,①～を保証する ②保証（期間）,他動詞,,Part2,898,
wipe,①～を拭く ②～を一掃する，壊滅させる,他動詞,,Part2,899,
sweep,①（床，地面）を掃く ②（風，波などが）～を押し流す,他動詞,,Part2,900,
transfer,①（電車などを）乗り換える ②転勤［転校，移籍］する ③（物，活動拠点など）を移す，～を転勤［転属］させる ④（銀行で）～を振り込む,自動詞,,Part2,901,
divorce,①離婚する ②～と離婚する ③離婚,自動詞,,Part2,902,
fate,運命，宿命,名詞,,Part2,903,
destiny,運命,名詞,,Part2,904,
flavor,風味，味〈可算〉,名詞,,Part2,905,
perfume,①香り ②香水,名詞,,Part2,906,
ingredient,①（料理などの）材料 ②（何かを達成するための）要因 ③成分,名詞,,Part2,907,
tender,①（肉などが）柔らかい ②（愛情があり）優しい ③（皮膚などが）弱い,形容詞,,Part2,908,
bitter,①苦い，つらい ②憤慨して,形容詞,,Part2,909,
aisle,通路,名詞,,Part2,910,
track,①足跡，小道 ②（鉄道の）線路，プラットホーム ③～を追跡する,名詞,,Part2,911,
district,地区,名詞,,Part2,912,
facility,①施設，設備 ②能力，器用さ,名詞,,Part2,913,
basement,地下（室）,名詞,,Part2,914,
height,①高さ ②高い所 ③最盛期,名詞,,Part2,915,
distant,遠い,形容詞,,Part2,916,
remote,①（地理的に）へんぴな ②（時間，関係などが）遠い,形容詞,,Part2,917,
locate,①（be －d）～に位置している，ある ②～の場所を見つける,他動詞,,Part2,918,
occupy,～を占める,他動詞,,Part2,919,
surround,～を取り囲む，包囲する,他動詞,,Part2,920,
classical,①（音楽，バレエ，ダンスなどで）クラシックの ②古典的な,形容詞,,Part2,921,
civilization,文明,名詞,,Part2,922,
heritage,遺産〈不可算〉,名詞,,Part2,923,
script,①台本，脚本 ②（ある言語の）文字 ③（手書きの）文字,名詞,,Part2,924,
tale,話,名詞,,Part2,925,
literature,①文学 ②文献 （①②ともに〈不可算〉）,名詞,,Part2,926,
tragedy,悲劇〈可算〉,名詞,,Part2,927,
poetry,詩〈不可算〉,名詞,,Part2,928,
biography,伝記,名詞,,Part2,929,
term,①用語，言葉 ②（long［short］などを伴い）期間，学期，任期 ③（be on ～ －s）（～の）間柄（である） ④（－s）（契約などの）条件,名詞,,Part2,930,
proverb,ことわざ,名詞,,Part2,931,
fluent,流暢な,形容詞,,Part2,932,
translate,①～を翻訳する ②（into ～）（結果として）～に変わる,他動詞,,Part2,933,
define,①～を定義する ②～を規定する,他動詞,,Part2,934,
interpret,①～を解釈する ②～を通訳する ③通訳する,他動詞,,Part2,935,
quote,①～を引用する ② ～に価格を提示する,他動詞,,Part2,936,
literally,文字どおりに,副詞,,Part2,937,
indicate,①（データなどが）～を示す ②～を指し示す,他動詞,,Part2,938,
reveal,～を明らかにする，暴露する,他動詞,,Part2,939,
announce,～を発表する,他動詞,,Part2,940,
broadcast,①～を放送する ②（ 1 回の）放送,他動詞,,Part2,941,
prove,①～を証明する ②（to be ～）～だとわかる,他動詞,,Part2,942,
advertise,～を宣伝する,他動詞,,Part2,943,
seek,①～を求める ②（to do）～しようと努める,他動詞,,Part2,944,
entertain,①～を楽しませる ② ～をもてなす,他動詞,,Part2,945,
amuse,～を楽しませる,他動詞,,Part2,946,
attract,～を引きつける，魅了する,他動詞,,Part2,947,
fascinate,～を魅了する，～にとても興味をもたせる,他動詞,,Part2,948,
absorb,①（be －ed in ～）～に没頭する ②～を吸収する,他動詞,,Part2,949,
fond,①好きで ② 懐かしい,形容詞,,Part2,950,
scare,～をおびえさせる,他動詞,,Part2,951,
alarm,①～をぎょっとさせる ② 恐怖，不安,他動詞,,Part2,952,
amaze,～を驚かせる,他動詞,,Part2,953,
irritate,（長期にわたって）～をいらいらさせる,他動詞,,Part2,954,
puzzle,①～を当惑させる ②難問，パズル,他動詞,,Part2,955,
confuse,① ～を混乱させる，困惑させる ②（A with［and］ B） （A）を（Bと）混同する,他動詞,,Part2,956,
bore,～をうんざりさせる，退屈させる,他動詞,,Part2,957,
frustrate,① ～を欲求不満にさせる ②（計画など）を挫折させる,他動詞,,Part2,958,
disappoint,～を失望させる,他動詞,,Part2,959,
embarrass,～に恥ずかしい思いをさせる，困惑させる,他動詞,,Part2,960,
ashamed,恥ずかしい,形容詞,,Part2,961,
uneasy,不安な，胸騒ぎがする,形容詞,,Part2,962,
hesitate,ためらう,自動詞,,Part2,963,
reluctant,（to do）（～するのは）気が進まない,形容詞,,Part2,964,
tremble,震える,自動詞,,Part2,965,
boast,①自慢する ②（場所や組織が）～を誇りにしている,自動詞,,Part2,966,
jealous,（of ～）（～に）嫉妬した,形容詞,,Part2,967,
envy,①～を羨ましく思う ② 羨望,他動詞,,Part2,968,
yell,①叫ぶ，大声をあげる ②叫び，わめき声,自動詞,,Part2,969,
respect,①（人）を尊敬する ②（物）を尊重する ③（for ～）（～に対する）尊敬，尊重 ④（in －）点,他動詞,,Part2,970,
despair,絶望,名詞,,Part2,971,
emotion,（特に強い）感情〈可算〉,名詞,,Part2,972,
sympathy,①同情 ② 共感,名詞,,Part2,973,
shame,①残念なこと ②恥,名詞,,Part2,974,
ambition,（強い）願望，野望,名詞,,Part2,975,
confidence,①自信 ②（in ～）（～に対する）信頼,名詞,,Part2,976,
courage,勇気,名詞,,Part2,977,
ignore,（人，物）を無視する,他動詞,,Part2,978,
owe,（A to B） ①（A）は（B の）おかげだ ②（A）を（B に）借りている,他動詞,,Part2,979,
fear,①恐怖 ② ～を恐れる ③ ～を心配する,名詞,,Part2,980,
method,方法,名詞,,Part2,981,
medium,①（情報伝達）手段，媒体，メディア ② 中間の,名詞,,Part2,982,
means,①手段〈単複同形〉 ②（特定な表現で）財産，収入,名詞,,Part2,983,
extent,程度,名詞,,Part2,984,
extremely,極度に，非常に,副詞,,Part2,985,
total,①全体の ②（a －）まったくの ③合計,形容詞,,Part2,986,
largely,①大部分は ②主に,副詞,,Part2,987,
moderate,適度な，節度のある,形容詞,,Part2,988,
somewhat,いくぶん,副詞,,Part2,989,
subtle,かすかな,形容詞,,Part2,990,
possibly,①ひょっとすると ②（cannot －）どうしても（～できない）,副詞,,Part2,991,
eventually,最終的に，ついに,副詞,,Part2,992,
necessarily,（not －）必ずしも（～ない）,副詞,,Part2,993,
frankly,率直に,副詞,,Part2,994,
ironically,皮肉なことに,副詞,,Part2,995,
moreover,その上,副詞,,Part2,996,
otherwise,①さもなければ ② ほかの点では ③ ほかの方法で,副詞,,Part2,997,
regardless,（of ～）（～とは）無関係に,副詞,,Part2,998,
worth,①～の価値がある ②（－ doing）（～する）価値がある ③ 価値，（～）相当,前置詞,,Part2,999,
according to,①（調査，人の話など）によれば ②（能力など）に応じて,前置詞,,Part2,1000,
propose,①～を提案する ②（to ～）（～に）結婚を申し込む,他動詞,,Part3,1001,
demand,①～を（強く）要求する ②（for ～）（～への）要求，需要,他動詞,,Part3,1002,
desire,①願望 ②～を強く望む,名詞,,Part3,1003,
dismiss,①（意見や考えなど）を退ける ②～を解雇する,他動詞,,Part3,1004,
bless,～を祝福する,他動詞,,Part3,1005,
glory,栄光,名詞,,Part3,1006,
compliment,①褒め言葉，賛辞 ②～を褒める,名詞,,Part3,1007,
feast,①宴会，祝宴 ②とても楽しいこと，喜ばせるもの,名詞,,Part3,1008,
declare,①～を宣言する ②（税関や税務署で）～を申告する,他動詞,,Part3,1009,
demonstrate,～を（はっきり）示す，実演する,他動詞,,Part3,1010,
highlight,①～を強調する ②呼び物，目玉商品，ハイライト,他動詞,,Part3,1011,
imply,（暗に）～を意味する，ほのめかす,他動詞,,Part3,1012,
recite,～を暗唱する,他動詞,,Part3,1013,
ray,①光線 ②放射線 ③（a － of）一縷の，わずかな,名詞,,Part3,1014,
radiation,放射線,名詞,,Part3,1015,
laboratory,研究室，研究所,名詞,,Part3,1016,
oxygen,酸素,名詞,,Part3,1017,
molecule,分子,名詞,,Part3,1018,
compound,①化合物 ②複合的な,名詞,,Part3,1019,
tissue,①組織 ②ティッシュペーパー,名詞,,Part3,1020,
cell,①細胞 ②電池 ③独房 （①②③いずれも〈可算〉),名詞,,Part3,1021,
gene,遺伝子〈可算〉,名詞,,Part3,1022,
solid,①固体の ②ぎっしり詰まった ③固体,形容詞,,Part3,1023,
satellite,①（月などの）衛星 ②人工衛星,名詞,,Part3,1024,
orbit,①軌道 ②（惑星などが）～を周回する,名詞,,Part3,1025,
launch,①（ロケットなど）を打ち上げる ②（運動，事業など）を始める ③打ち上げ，開始，発売,他動詞,,Part3,1026,
attempt,①試み ②（to do）（～しようと）試みる,名詞,,Part3,1027,
capacity,①能力 ②容量，収容力,名詞,,Part3,1028,
capable,①（of ～）（～する）力がある ②有能な,形容詞,,Part3,1029,
attain,①（人が主語）～を達成する ②（物，人が主語）～に到達する,他動詞,,Part3,1030,
desperate,①必死の ②（状況が）絶望的な,形容詞,,Part3,1031,
struggle,①苦闘する，もがく ②苦闘，もがくこと〈可算〉,自動詞,,Part3,1032,
dedicate,（A to B）（A）を（B に）ささげる,他動詞,,Part3,1033,
pain,①苦痛 ②（－s）苦労,名詞,,Part3,1034,
strain,①（心身の）負担，無理 ②（目や筋肉など）を痛める,名詞,,Part3,1035,
remedy,①治療法，治療薬 ②改善策，対策（① ② いずれも〈可算〉）,名詞,,Part3,1036,
fatigue,（ひどい）疲労〈不可算〉,名詞,,Part3,1037,
obesity,（病的な）肥満,名詞,,Part3,1038,
nursing,看護,名詞,,Part3,1039,
terminal,①（病気が）末期の ②終着［始発］駅（の建物），ターミナルビル,形容詞,,Part3,1040,
pregnant,妊娠した,形容詞,,Part3,1041,
heal,①～を治す ②治る,他動詞,,Part3,1042,
ankle,足首,名詞,,Part3,1043,
thumb,親指,名詞,,Part3,1044,
forehead,額，おでこ,名詞,,Part3,1045,
chin,下あご，あごの先端,名詞,,Part3,1046,
chest,①胸（部） ②（大きな木の）箱，密閉容器,名詞,,Part3,1047,
breast,（主に女性の）胸，乳房,名詞,,Part3,1048,
lung,肺〈可算〉,名詞,,Part3,1049,
organ,①臓器，（動植物の）器官 ②（楽器）オルガン,名詞,,Part3,1050,
vision,①視力，視野 ②未来像 ③未来を見通す力，先見の明,名詞,,Part3,1051,
skeleton,がい骨，骨格,名詞,,Part3,1052,
sensation,①感覚 ②（説明し難い）感情,名詞,,Part3,1053,
code,①（服装などの）規定 ②暗号,名詞,,Part3,1054,
agenda,議題，協議事項,名詞,,Part3,1055,
gender,性，性別,名詞,,Part3,1056,
liberty,自由,名詞,,Part3,1057,
humanity,①（集合的に）人類 ②（the －ies）人文科学 ③人間性,名詞,,Part3,1058,
mankind,（集合的に）人類,名詞,,Part3,1059,
authority,①権威 ②権力 ③（－ies）当局,名詞,,Part3,1060,
justice,正義,名詞,,Part3,1061,
insurance,保険〈不可算〉,名詞,,Part3,1062,
hardship,（主に経済的）苦難,名詞,,Part3,1063,
poverty,貧困〈不可算〉,名詞,,Part3,1064,
chaos,大混乱，混沌〈不可算〉,名詞,,Part3,1065,
isolation,孤立，分離，孤独感,名詞,,Part3,1066,
interaction,① 交流，やりとり ②相互作用,名詞,,Part3,1067,
region,地域,名詞,,Part3,1068,
proof,①証拠，証明〈不可算〉 ②（複合語で）～を防ぐ，～に耐える,名詞,,Part3,1069,
principle,①原理，原則 ②主義，信念,名詞,,Part3,1070,
origin,起源,名詞,,Part3,1071,
setting,①環境，状況 ②（小説，劇，機械などの）設定，舞台,名詞,,Part3,1072,
monument,記念碑，遺跡，史跡,名詞,,Part3,1073,
mission,①任務，使命 ②使節団 ③（主にキリスト教の）布教（団）,名詞,,Part3,1074,
project,①計画，企画 ②（予算など）を見積もる ③～を投影する,名詞,,Part3,1075,
revolution,革命,名詞,,Part3,1076,
pension,年金〈可算〉,名詞,,Part3,1077,
found,～を創立する,他動詞,,Part3,1078,
contract,①契約 ②～を契約する ③（病気）に感染する,名詞,,Part3,1079,
negotiate,①（with ～）（～と）交渉する ②（交渉の上で，条件など）を取り決める,自動詞,,Part3,1080,
cooperate,（with ～）（～と）協力する，（in ～）（～を）協力する,自動詞,,Part3,1081,
restore,①（治安など）を回復する ②（古い建物，絵など）を修復する,他動詞,,Part3,1082,
conservative,保守的な,形容詞,,Part3,1083,
affair,①（－s）情勢 ②（スキャンダラスな）事件 ③ 情事，浮気,名詞,,Part3,1084,
agency,①（政府）機関 ②代理店,名詞,,Part3,1085,
council,議会,名詞,,Part3,1086,
kingdom,①王国 ②（the ～ kingdom）～界，社会,名詞,,Part3,1087,
republic,共和国,名詞,,Part3,1088,
empire,帝国,名詞,,Part3,1089,
security,①（国家などの）安全 ②防犯，防衛,名詞,,Part3,1090,
aid,援助，救援物資〈不可算〉,名詞,,Part3,1091,
reform,改革,名詞,,Part3,1092,
mayor,市長,名詞,,Part3,1093,
minister,①大臣 ②牧師,名詞,,Part3,1094,
poll,①（政治関連の）世論調査 ②投票 ③（得票）を得る,名詞,,Part3,1095,
fortune,①財産 ②運,名詞,,Part3,1096,
property,①（主に集合的）財産，資産 ②（建物を含む）所有地 ③（物質の）特性,名詞,,Part3,1097,
fund,①（－s）資金 ②基金 ③～に資金を出す,名詞,,Part3,1098,
stock,①株（式） ②在庫品，蓄え,名詞,,Part3,1099,
bankrupt,倒産した，破産した,形容詞,,Part3,1100,
labor,①労働 ②（集合的に）労働者 ③努力，陣痛,名詞,,Part3,1101,
overwork,①働きすぎる ②～を働かせすぎる，酷使する ③過労,自動詞,,Part3,1102,
firm,①会社 ②（土台，信念などが）固い ③（体が）引き締まった,名詞,,Part3,1103,
union,①労働組合 ②合併 ③連邦,名詞,,Part3,1104,
administration,①経営，運営 ②行政 ③政権 （①②は〈不可算〉）,名詞,,Part3,1105,
secretary,①秘書 ②（米国の各省の）長官，事務局長,名詞,,Part3,1106,
editor,（新聞，雑誌などの）編集長，（書籍の）編集者,名詞,,Part3,1107,
client,①依頼人 ②（サービス業の）取引先,名詞,,Part3,1108,
colleague,（from ～）（～の）同僚,名詞,,Part3,1109,
basis,①基礎，根拠 ②（on a ～ basis）（～を）基準（として）,名詞,,Part3,1110,
element,①（最も重要な）要素，（化学の）元素 ②（the －s）自然の力，悪天候 ③（an － of ～）少しの～,名詞,,Part3,1111,
constitute,①（主語が複数）～を構成する ②（主語が単数）～である,他動詞,,Part3,1112,
unify,～を統一する,他動詞,,Part3,1113,
unite,①団結する ②～を団結させる,自動詞,,Part3,1114,
combine,①（A with B） （A）を（B と）結びつける，同時に行う ②結びつく,他動詞,,Part3,1115,
murder,①殺人 ②（形容詞的に）殺人の ③（計画的に）～を殺す,名詞,,Part3,1116,
arrest,①～を逮捕する ②逮捕,他動詞,,Part3,1117,
prison,刑務所,名詞,,Part3,1118,
vice,①（売春，麻薬などの）犯罪〈不可算〉 ②悪徳 ③ 副～,名詞,,Part3,1119,
witness,①目撃者，証人 ② 証言 ③～を目撃する,名詞,,Part3,1120,
conflict,①対立，紛争 ②葛藤 ③（with ～）（～と）矛盾する,名詞,,Part3,1121,
bullet,弾丸,名詞,,Part3,1122,
wound,①傷 ②～を傷つける,名詞,,Part3,1123,
triumph,①勝利 ②勝利する,名詞,,Part3,1124,
military,軍事的な,形容詞,,Part3,1125,
strategy,戦略,名詞,,Part3,1126,
conquer,①（国や地域）を征服する ②（病気や恐怖など）を克服する,他動詞,,Part3,1127,
defend,（A from B）（B からA）を守る,他動詞,,Part3,1128,
quarrel,①（with ～）（～と）口論する ②口論,自動詞,,Part3,1129,
rob,①（銀行など）を襲う ②（A of B）（A）から（B を）奪う,他動詞,,Part3,1130,
deprive,（A of B） （A）から（B を）奪う,他動詞,,Part3,1131,
devastate,①（町など）を壊滅させる ②（人）を打ちのめす,他動詞,,Part3,1132,
hazard,危険（になり得るもの）,名詞,,Part3,1133,
orphan,孤児,名詞,,Part3,1134,
infant,（主に歩く前の）幼児,名詞,,Part3,1135,
slave,①奴隷 ②（to ～）（比喩的に）（～の）奴隷,名詞,,Part3,1136,
acquaintance,①知人 ②面識，（ちょっとした）知識,名詞,,Part3,1137,
merchant,商人,名詞,,Part3,1138,
resident,①住人，居住者 ②滞在者 ③住んでいる,名詞,,Part3,1139,
crew,①（集合的に）乗組員 ②（取材などの）チーム,名詞,,Part3,1140,
commute,①通勤する ②通勤,自動詞,,Part3,1141,
chase,①～を追いかける ②追跡,他動詞,,Part3,1142,
overtake,～を追い越す,他動詞,,Part3,1143,
fade,（色，記憶などが）薄れる,自動詞,,Part3,1144,
dissolve,①溶ける ②～を溶かす ③（議会など）を解散する,自動詞,,Part3,1145,
float,①浮かぶ ②～を浮かべる,自動詞,,Part3,1146,
sink,①沈む ②～を沈める ③（台所の）流し,自動詞,,Part3,1147,
fluctuate,（数値，物価が）変動する,自動詞,,Part3,1148,
circulate,①循環する，流布する ②～を循環させる,自動詞,,Part3,1149,
transform,①～を（大幅に）変える ②（大幅に）変形する，変身する,他動詞,,Part3,1150,
shift,①（考え方の）転換 ②（勤務の）交替,名詞,,Part3,1151,
modify,～を修正する,他動詞,,Part3,1152,
revise,（制度，予測，論文など）を修正する，改正する,他動詞,,Part3,1153,
vehicle,①（エンジンの付いた）車両 ②（思想，意見の）伝達手段,名詞,,Part3,1154,
voyage,航海，船旅,名詞,,Part3,1155,
confirm,①～を確認する ②～を裏付ける,他動詞,,Part3,1156,
ensure,～を確実にする,他動詞,,Part3,1157,
address,①～に取り組む ②～に呼びかける ③演説 ④住所,他動詞,,Part3,1158,
approach,①（to ～）（～への）取り組み方，接近 ②～に取り組む，接近する,名詞,,Part3,1159,
resolve,①～を解決する ②（to do）（～する）決心をする,他動詞,,Part3,1160,
settle,①（紛争など）を解決する ②～を置く，据える ③定住する ④（on ～）（～を）決める,他動詞,,Part3,1161,
warn,～に警告する,他動詞,,Part3,1162,
force,①～に強いる ②力，武力,他動詞,,Part3,1163,
boost,～を促進させる，増大させる,他動詞,,Part3,1164,
appeal,①（to ～）（～に）訴える ②魅力，人気 ③（for ～）（～に対する）訴え,自動詞,,Part3,1165,
leap,①跳ぶ ②躍進，急増,自動詞,,Part3,1166,
grab,①（ぐいっと）～をつかむ ②（急いで食事，睡眠）をとる,他動詞,,Part3,1167,
seize,①～をつかむ ②（麻薬など）を押収する，（犯人）を捕らえる,他動詞,,Part3,1168,
cast,①～を投げる ②（光など）を投げかける ③～に役を与える,他動詞,,Part3,1169,
slap,～を平手打ちする,他動詞,,Part3,1170,
stun,①～を気絶させる ②～をぼう然とさせる,他動詞,,Part3,1171,
illuminate,①～を照らす ②（問題など）を解明する,他動詞,,Part3,1172,
mend,～を修繕する,他動詞,,Part3,1173,
react,（to ～）（～に）反応する,自動詞,,Part3,1174,
endure,（長期にわたり）～に耐える,他動詞,,Part3,1175,
encounter,①～に偶然出会う ②（問題，反対など）に遭う ③出会い,他動詞,,Part3,1176,
neglect,①～を怠る，放置する ②（子ども）の世話をしない ③放置,他動詞,,Part3,1177,
undergo,～を経験する,他動詞,,Part3,1178,
trace,①～を捜し出す ②～の追跡調査をする ③（微妙な）跡,他動詞,,Part3,1179,
conduct,①～を行う ②（電気，熱）を伝える ③行為,他動詞,,Part3,1180,
emerge,①（隠れていたものが）現れる ②（国家などが）台頭する,自動詞,,Part3,1181,
unfold,①展開する，はっきりしてくる ②～を広げる,自動詞,,Part3,1182,
derive,①（from ～）（～に）由来する ②～を引き出す，得る,自動詞,,Part3,1183,
possess,～を所有している,他動詞,,Part3,1184,
retain,～を保持する,他動詞,,Part3,1185,
secure,①（場所，地位，契約など）を確保する ②安全で，守られて,他動詞,,Part3,1186,
capture,①～を捕らえる ②捕獲，（敵地の）攻略,他動詞,,Part3,1187,
inquiry,①（into ～）（～の）調査 ②質問，問い合わせ,名詞,,Part3,1188,
specialize,（in ～） ①〈英〉（～を）専攻する ②（～を）専門にする,自動詞,,Part3,1189,
semester,（米，日本などの2 学期制の）学期,名詞,,Part3,1190,
biology,生物学,名詞,,Part3,1191,
ecology,生態（学）,名詞,,Part3,1192,
philosophy,①（学問としての）哲学〈不可算〉 ②人生哲学，考え方〈可算〉,名詞,,Part3,1193,
geography,地理（学）,名詞,,Part3,1194,
psychology,①心理学 ②心理,名詞,,Part3,1195,
institution,①（大学，病院などの）機関 ②（結婚などの）制度,名詞,,Part3,1196,
dormitory,寮,名詞,,Part3,1197,
notion,考え,名詞,,Part3,1198,
concept,概念，考え,名詞,,Part3,1199,
meditation,①瞑想 ②熟考,名詞,,Part3,1200,
insight,①（into ～）（～に対する）洞察（力） ②見識,名詞,,Part3,1201,
outlook,①（人生，世界などに対する）考え方 ②（経済，天候などの）見通し,名詞,,Part3,1202,
caution,①用心 ②警告 ③～に注意［警告］を与える,名詞,,Part3,1203,
will,①意志 ②遺書,名詞,,Part3,1204,
option,選択肢，選択（の自由）,名詞,,Part3,1205,
nightmare,①悪夢 ②悪夢のようなこと,名詞,,Part3,1206,
keen,①（頭脳，感性などが）鋭い ②（be － on ～）（～に）熱中して，好きで,形容詞,,Part3,1207,
cherish,～を大切にする，胸に抱く,他動詞,,Part3,1208,
intend,（to do）～するつもりだ,他動詞,,Part3,1209,
suspect,①（that S V）～ではないかと思う ②～に嫌疑をかける ③容疑者,他動詞,,Part3,1210,
comprehend,～を（十分に）理解する,他動詞,,Part3,1211,
misunderstand,（人，人の言うこと）を誤解している,他動詞,,Part3,1212,
identify,①～を（何なのか）特定する ②（A with B）（A）を（B と）同一視する ③（with ～）（～に）なりきる,他動詞,,Part3,1213,
permit,①～を許可する ②許可証,他動詞,,Part3,1214,
acknowledge,～を認める,他動詞,,Part3,1215,
trim,①～を刈り込む，切り取る ②こぎれいな,他動詞,,Part3,1216,
omit,～を省く,他動詞,,Part3,1217,
cultivate,①～を耕す ②～を育む ③～を磨く,他動詞,,Part3,1218,
shade,①日陰，（絵画，写真の）陰の部分，ブラインド ②（意味などの）わずかな違い,名詞,,Part3,1219,
breeze,そよ風,名詞,,Part3,1220,
desert,①砂漠 ②～を見捨てる,名詞,,Part3,1221,
fog,霧,名詞,,Part3,1222,
moisture,湿気，水分,名詞,,Part3,1223,
damp,湿った，じめじめした,形容詞,,Part3,1224,
path,（小）道,名詞,,Part3,1225,
trail,①山道 ②跡 ③（a － of destruction）爪跡,名詞,,Part3,1226,
stream,①小川 ②（a － of ～）（～の）流れ,名詞,,Part3,1227,
tide,①潮（の干満），潮流 ②時流,名詞,,Part3,1228,
habitat,生息地,名詞,,Part3,1229,
layer,（大気や地面などの）層,名詞,,Part3,1230,
volcano,火山,名詞,,Part3,1231,
mine,①鉱山 ②地雷（＝landmine）,名詞,,Part3,1232,
scent,①（花，果物の良い）香り ②（動物が残したそれ自身の）臭い,名詞,,Part3,1233,
wheat,小麦,名詞,,Part3,1234,
swallow,①ツバメ ②～を飲み込む,名詞,,Part3,1235,
web,①（クモの）巣 ②インターネット（www＝the World Wide Web）,名詞,,Part3,1236,
cattle,ウシ,名詞,,Part3,1237,
kitten,子ネコ,名詞,,Part3,1238,
organism,生物,名詞,,Part3,1239,
wildlife,野生生物,名詞,,Part3,1240,
beast,野獣,名詞,,Part3,1241,
ape,類人猿,名詞,,Part3,1242,
mammal,哺乳動物，哺乳類,名詞,,Part3,1243,
flock,①（鳥，羊の）群れ ②群れる,名詞,,Part3,1244,
breed,①繁殖する ②～を繁殖させる ③～を引き起こす ④品種，血統,自動詞,,Part3,1245,
reproduce,①繁殖する ②～を繁殖させる ③（音，絵など）を再現する,自動詞,,Part3,1246,
hatch,①（卵から）かえる，孵化する ②（卵から）～をかえす,自動詞,,Part3,1247,
diligent,勤勉な,形容詞,,Part3,1248,
noble,①高潔な ②貴族の ③貴族〈可算〉,形容詞,,Part3,1249,
arrogant,傲慢な,形容詞,,Part3,1250,
timid,臆病な,形容詞,,Part3,1251,
humble,①控えめな ②卑しい，貧しい,形容詞,,Part3,1252,
inclined,①（be ～ to do）～する傾向がある ②～したい気持ちだ,形容詞,,Part3,1253,
principal,①主要な ②〈米〉校長,形容詞,,Part3,1254,
prime,①（目標，容疑者などが）最重要な ②素数,形容詞,,Part3,1255,
indispensable,不可欠な,形容詞,,Part3,1256,
grave,①重大な ②墓（穴）,形容詞,,Part3,1257,
definite,明確な,形容詞,,Part3,1258,
evident,明らかな,形容詞,,Part3,1259,
prominent,①（物が）目立った ②（人が）著名な，重要な,形容詞,,Part3,1260,
marked,（名詞の前で）際立った，著しい,形容詞,,Part3,1261,
grace,①優美さ ②（say －）（食事の前後の）感謝の祈り（をささげる）,名詞,,Part3,1262,
charm,①魅力 ②（a good-luck －）お守り，まじない,名詞,,Part3,1263,
rational,理性的な,形容詞,,Part3,1264,
magnificent,壮大な，素晴らしい,形容詞,,Part3,1265,
superior,①（be － to ～）（～）より優れている ②上役，上司,形容詞,,Part3,1266,
loyal,（to ～）（～に）忠実な,形容詞,,Part3,1267,
horrible,（物，天気などが）とてもひどい，ぞっとする,形容詞,,Part3,1268,
miserable,悲惨な，とても不幸な,形容詞,,Part3,1269,
dull,①退屈な ②切れ味が悪い ③鈍い,形容詞,,Part3,1270,
nasty,（人，物，発言などが）不快な,形容詞,,Part3,1271,
insane,正気でない,形容詞,,Part3,1272,
ridiculous,ばかげた,形容詞,,Part3,1273,
notorious,（for ～）（～で）悪名高い,形容詞,,Part3,1274,
evil,①（道徳的に）悪い ②悪,形容詞,,Part3,1275,
mess,①乱雑 ②（with ～）（～を）からかう，ちょっかいを出す,名詞,,Part3,1276,
vast,①（地域，土地が）広大な ②（数量が）莫大な,形容詞,,Part3,1277,
huge,巨大な,形容詞,,Part3,1278,
tiny,とても小さな,形容詞,,Part3,1279,
sphere,①球体 ②範囲，領域,名詞,,Part3,1280,
strip,①細長い一片 ②（罰として）～から奪う ③裸になる,名詞,,Part3,1281,
internal,①内部の ②国内の,形容詞,,Part3,1282,
mobile,①流動的な ②携帯電話,形容詞,,Part3,1283,
steep,①（坂などが）険しい ②（増減が）急な，（価格などが）異常に高い,形容詞,,Part3,1284,
intense,（感情，競争などが）強烈な,形容詞,,Part3,1285,
abstract,①抽象的な ②（論文などの）要旨,形容詞,,Part3,1286,
inevitable,避けられない，必然的な,形容詞,,Part3,1287,
neutral,①中立の ②中立,形容詞,,Part3,1288,
brief,①手短な，簡潔な ②要約,形容詞,,Part3,1289,
potential,①潜在的な ②潜在能力，可能性〈不可算〉,形容詞,,Part3,1290,
tough,①たくましい，頑強な ②骨の折れる，厳しい,形容詞,,Part3,1291,
secondhand,①中古の ②間接的な,形容詞,,Part3,1292,
resemble,～に似ている,他動詞,,Part3,1293,
contrary,①（on the －）それどころか ②（－ to A）（A とは）反対に ③（（名詞） to the －）それとは反対の～,名詞,,Part3,1294,
category,範疇,名詞,,Part3,1295,
scope,範囲,名詞,,Part3,1296,
respective,それぞれの,形容詞,,Part3,1297,
given,①（時間，量などが）定められた ②～を考慮すると,形容詞,,Part3,1298,
peculiar,①（to ～）（～に）固有の ②独特な，変な,形容詞,,Part3,1299,
plenty,（of ～）十分な～，たくさんの～,名詞,,Part3,1300,
sufficient,十分な,形容詞,,Part3,1301,
numerous,多くの,形容詞,,Part3,1302,
substantial,①かなりの，たくさんの ②内容のある，重要な,形容詞,,Part3,1303,
unit,単位,名詞,,Part3,1304,
diameter,直径,名詞,,Part3,1305,
quantity,量,名詞,,Part3,1306,
deficiency,欠乏，不足,名詞,,Part3,1307,
lessen,～を減らす,他動詞,,Part3,1308,
era,時代,名詞,,Part3,1309,
session,①（活動の）期間 ②（議会などの）会期 ③（ある活動の）集まり,名詞,,Part3,1310,
pause,①休止 ②休止する,名詞,,Part3,1311,
meanwhile,①その間 ②（対比を示して）その一方で,副詞,,Part3,1312,
souvenir,土産，記念品,名詞,,Part3,1313,
brick,①れんが ②〈英〉（おもちゃの）積み木,名詞,,Part3,1314,
pole,①棒，さお，柱 ②（天体，地球の）極,名詞,,Part3,1315,
thread,①糸 ②～に糸を通す,名詞,,Part3,1316,
mischief,いたずら〈不可算〉,名詞,,Part3,1317,
superstition,迷信,名詞,,Part3,1318,
storage,貯蔵，保管〈不可算〉,名詞,,Part3,1319,
shelter,①避難（所） ②住居,名詞,,Part3,1320,
garment,衣類,名詞,,Part3,1321,
cabinet,①戸棚 ②（the C－）内閣,名詞,,Part3,1322,
recipe,①レシピ，調理法 ②秘訣，原因,名詞,,Part3,1323,
brochure,パンフレット,名詞,,Part3,1324,
shipping,（商品の）発送,名詞,,Part3,1325,
fetch,（主に〈英〉）～を取って来る,他動詞,,Part3,1326,
distribute,①～を分配する，配る ②（be －d）分布している,他動詞,,Part3,1327,
statue,像,名詞,,Part3,1328,
sculpture,彫刻,名詞,,Part3,1329,
carve,～を彫る，刻む,他動詞,,Part3,1330,
myth,①（俗説という意味での）神話 ②（古代の）神話,名詞,,Part3,1331,
craft,①工芸（品） ②（職人の）技術 ③船，乗り物,名詞,,Part3,1332,
journal,①雑誌，専門誌 ②（公的な）日誌，日記,名詞,,Part3,1333,
heaven,①天国 ②（the －s）空,名詞,,Part3,1334,
funeral,葬式,名詞,,Part3,1335,
soul,①魂 ②（慣用句あるいは否定文で）人,名詞,,Part3,1336,
priest,神父，僧侶，牧師，聖職者,名詞,,Part3,1337,
faith,①（主に宗教上の）信仰 ②信頼,名詞,,Part3,1338,
sacred,神聖な,形容詞,,Part3,1339,
divine,神の,形容詞,,Part3,1340,
context,①文脈 ②状況,名詞,,Part3,1341,
singular,①単数の ②（褒めて）比類なき ③奇妙な,形容詞,,Part3,1342,
command,①言語を操る力 ②命令 ③～を集める ④～を見渡せる,名詞,,Part3,1343,
instance,例,名詞,,Part3,1344,
narrative,語り，物語,名詞,,Part3,1345,
dialogue,①（本，劇，映画の中の）会話 ②対談，対話,名詞,,Part3,1346,
usage,語法,名詞,,Part3,1347,
accent,①訛 ②アクセント,名詞,,Part3,1348,
temper,①気性 ②平静（な気分）,名詞,,Part3,1349,
affection,愛情,名詞,,Part3,1350,
enthusiasm,情熱，熱意,名詞,,Part3,1351,
passion,情熱,名詞,,Part3,1352,
rage,①激怒 ②（戦争，病気が）激しく続く，猛威をふるう,名詞,,Part3,1353,
sorrow,悲しみ,名詞,,Part3,1354,
incredible,信じられない,形容詞,,Part3,1355,
chuckle,①くすくす笑う ②くすくす笑うこと,自動詞,,Part3,1356,
tease,～をからかう，冷やかす,他動詞,,Part3,1357,
dare,①（to do）思い切って～する ②（do）思い切って～する,他動詞,,Part3,1358,
willing,（be － to do）嫌がらずに～する,形容詞,,Part3,1359,
scream,①悲鳴を上げる ②悲鳴,自動詞,,Part3,1360,
soothe,①（人）をなだめる ②（痛みなど）をやわらげる,他動詞,,Part3,1361,
tempt,～を誘惑する,他動詞,,Part3,1362,
scold,～を叱る,他動詞,,Part3,1363,
oppress,～を圧迫する，虐げる,他動詞,,Part3,1364,
threaten,①（to do）～すると脅す ②～を脅かす ③～のおそれがある,他動詞,,Part3,1365,
delight,①～を喜ばせる ②（大）喜び,他動詞,,Part3,1366,
astonish,～を（とても）驚かせる,他動詞,,Part3,1367,
mourn,～を嘆く，悼む,他動詞,,Part3,1368,
offend,（人，物が）～を怒らせる，～の気分を害する,他動詞,,Part3,1369,
depress,～を憂うつにさせる，落ち込ませる,他動詞,,Part3,1370,
sacrifice,①～を犠牲にする ②犠牲,他動詞,,Part3,1371,
impulse,衝動,名詞,,Part3,1372,
curse,①災いの元 ②呪い ③～を呪う，ののしる,名詞,,Part3,1373,
factor,要因,名詞,,Part3,1374,
stem,①（from ～）（～が）原因である ②茎，幹，ワイングラスの脚,自動詞,,Part3,1375,
trigger,①～のきっかけになる，～を誘発する ②（銃の）引き金,他動詞,,Part3,1376,
consequence,①結果 ②（of －） 重要性,名詞,,Part3,1377,
process,①過程 ②～を加工する，処理する,名詞,,Part3,1378,
resort,①（to ～）（～に）訴える ②行楽地 ③手段,自動詞,,Part3,1379,
formula,①方法 ②秘けつ ③（数学，化学などの）式，公式,名詞,,Part3,1380,
procedure,手続き，手順,名詞,,Part3,1381,
extraordinary,①並外れた ②臨時の（会議など） ③特命の（大使など）,形容詞,,Part3,1382,
absolute,絶対的な,形容詞,,Part3,1383,
overwhelming,圧倒的な,形容詞,,Part3,1384,
altogether,①完全に ②全部で,副詞,,Part3,1385,
entire,すべての,形容詞,,Part3,1386,
tremendous,すさまじい,形容詞,,Part3,1387,
sheer,①（数量やサイズを強調して）とてつもない～の ②まったくの,形容詞,,Part3,1388,
partial,①部分的な ②不公平な ③（to ～）（～が）大好きで,形容詞,,Part3,1389,
barely,①かろうじて ②ほとんど～ない,副詞,,Part3,1390,
slight,わずかな,形容詞,,Part3,1391,
approximately,（数量が）おおよそ，約,副詞,,Part3,1392,
frequently,頻繁に,副詞,,Part3,1393,
apparently,①どうやら～らしい ②見たところでは,副詞,,Part3,1394,
merely,①（主に名詞の前で）～にすぎない ②（動詞などの前で）単に,副詞,,Part3,1395,
nevertheless,それにもかかわらず,副詞,,Part3,1396,
somehow,①何らかの方法で ②何らかの理由で，どういうわけか,副詞,,Part3,1397,
thus,①それゆえ（に） ②このように,副詞,,Part3,1398,
pretty,①まあまあ ②かわいい,副詞,,Part3,1399,
despite,～にもかかわらず,前置詞,,Part3,1400,
assert,～と断定する，～を主張する,他動詞,,Part4,1401,
defy,①～に逆らう ②～を拒む,他動詞,,Part4,1402,
condemn,①～を非難する ②～に（刑の）宣告をする ③ ～を強いる,他動詞,,Part4,1403,
contradict,①～と矛盾する ②～に反論する,他動詞,,Part4,1404,
cite,～を引き合いに出す，引用する,他動詞,,Part4,1405,
illustrate,①（例で）～を説明する，例証する ②～に挿絵を入れる，～を図解する,他動詞,,Part4,1406,
articulate,①（考えなど）をはっきり述べる ②考えを明確に表現できる,他動詞,,Part4,1407,
advocate,①提唱者，支持者 ②～を主張する，支持する,名詞,,Part4,1408,
breakthrough,飛躍的進歩，大発見,名詞,,Part4,1409,
evolution,進化,名詞,,Part4,1410,
innovation,革新,名詞,,Part4,1411,
probe,①探査機 ②～を調査する,名詞,,Part4,1412,
fluid,①流体 ②流動的な，なめらかな,名詞,,Part4,1413,
particle,①粒子 ②（not a － of A）（A の）かけら（もない）,名詞,,Part4,1414,
gravity,①重力 ②重大さ,名詞,,Part4,1415,
friction,摩擦,名詞,,Part4,1416,
mutation,突然変異,名詞,,Part4,1417,
heredity,遺伝,名詞,,Part4,1418,
hypothesis,仮説,名詞,,Part4,1419,
specimen,①標本 ②サンプル,名詞,,Part4,1420,
microscope,顕微鏡,名詞,,Part4,1421,
realm,領域，領土,名詞,,Part4,1422,
acid,①酸性の ②辛辣な,形容詞,,Part4,1423,
toxic,有害な，有毒な,形容詞,,Part4,1424,
poison,毒,名詞,,Part4,1425,
strive,努力する,自動詞,,Part4,1426,
endeavor,①努力，試み ②～を（懸命に）努力する，試みる,名詞,,Part4,1427,
manufacture,①～を製造する ②製造，製品,他動詞,,Part4,1428,
yield,①～を産出する ②（to ～）（～に）屈する ③産出量,他動詞,,Part4,1429,
duplicate,①～を複製する ②複製品 ③複製の,他動詞,,Part4,1430,
assemble,①～を組み立てる ②集まる,他動詞,,Part4,1431,
mold,①～を（型に入れて）作る ②（人格，意見など）を形成する,他動詞,,Part4,1432,
coin,①～を作り出す ②硬貨,他動詞,,Part4,1433,
physician,①〈米〉医師 ②〈英〉内科医,名詞,,Part4,1434,
veterinarian,獣医,名詞,,Part4,1435,
therapy,治療（法）,名詞,,Part4,1436,
injection,注射,名詞,,Part4,1437,
dose,（1回分の）服用量,名詞,,Part4,1438,
sanitation,衛生,名詞,,Part4,1439,
germ,細菌，ばい菌〈可算〉,名詞,,Part4,1440,
tumor,腫瘍〈可算〉,名詞,,Part4,1441,
agony,苦痛,名詞,,Part4,1442,
disorder,（心身の）不調,名詞,,Part4,1443,
plague,①（大規模な）疫病，伝染病，災害 ②～を苦しめる,名詞,,Part4,1444,
epidemic,（大）流行,名詞,,Part4,1445,
diagnosis,診断,名詞,,Part4,1446,
mortality,①（－ rate）死亡率 ②死すべき運命,名詞,,Part4,1447,
chronic,慢性の,形容詞,,Part4,1448,
immune,免疫の（ある）,形容詞,,Part4,1449,
choke,①（on ～）（～で）息が詰まる，窒息する ②～を窒息させる,自動詞,,Part4,1450,
paralyze,～を麻痺させる,他動詞,,Part4,1451,
infect,（人，動物，地域）に感染させる，伝染する,他動詞,,Part4,1452,
prescribe,①（薬など）を処方する ②（行為など）を指示する,他動詞,,Part4,1453,
digest,①～を消化する ②～を理解する ③要約,他動詞,,Part4,1454,
weary,①（極度に）疲れている ②うんざり［飽き飽き］している,形容詞,,Part4,1455,
nourish,①～に栄養を与える ②（考えなど）を抱く,他動詞,,Part4,1456,
flesh,（人，動物の皮，骨に対する）肉,名詞,,Part4,1457,
kidney,腎臓,名詞,,Part4,1458,
posture,姿勢,名詞,,Part4,1459,
limb,手足（の1 本）,名詞,,Part4,1460,
erect,①直立した ②～を建てる,形容詞,,Part4,1461,
compensate,（A for B） （A）に（B を）補償する,他動詞,,Part4,1462,
flourish,栄える,自動詞,,Part4,1463,
abuse,①虐待 ②乱用 ③～を悪用する,名詞,,Part4,1464,
bias,偏見,名詞,,Part4,1465,
prestige,名声，威信,名詞,,Part4,1466,
privilege,特権,名詞,,Part4,1467,
feat,偉業,名詞,,Part4,1468,
dignity,威厳,名詞,,Part4,1469,
virtue,①美徳 ②（人，物の個々の）長所 ③（by － of ～）～のために,名詞,,Part4,1470,
aristocracy,貴族（階級，社会）,名詞,,Part4,1471,
rebel,①反逆者 ②（against ～）（～に）反逆する，反抗する,名詞,,Part4,1472,
scheme,①〈英〉計画 ②陰謀,名詞,,Part4,1473,
convention,①会議，大会 ②慣習 ③条約,名詞,,Part4,1474,
conference,（on ～）（～に関する）会議,名詞,,Part4,1475,
consent,①合意 ②（to ～）（～に）合意する,名詞,,Part4,1476,
initiative,①新構想，新計画 ②主導権,名詞,,Part4,1477,
province,①（カナダなどの）州，（中国の）省 ②（the －s）地方,名詞,,Part4,1478,
colony,①植民地 ②（アリなどの）群落,名詞,,Part4,1479,
frontier,①辺境，（主に〈英〉）国境 ②（the －s）最前線,名詞,,Part4,1480,
tribe,部族，種族,名詞,,Part4,1481,
primitive,原始的な，未開の,形容詞,,Part4,1482,
ethnic,民族の，民族的な,形容詞,,Part4,1483,
anonymous,匿名の,形容詞,,Part4,1484,
coverage,①報道 ②（保険の）補償（範囲）,名詞,,Part4,1485,
obligation,①（社会に対する）責務 ②（個人に対する）恩義,名詞,,Part4,1486,
norm,①ふつうのこと ②（－s）規範,名詞,,Part4,1487,
patent,①特許（権） ②～の特許をとる ③明白な，見えすいた,名詞,,Part4,1488,
entitled,①（to ～）（～の）権利がある ②～と題された,形容詞,,Part4,1489,
donate,①～を寄付する ②（臓器など）を提供する,他動詞,,Part4,1490,
conform,（to ～）（～に）合わせる,自動詞,,Part4,1491,
comply,（with ～）（～に）従う， 遵守する,自動詞,,Part4,1492,
legislation,（集合的に）法律〈不可算〉,名詞,,Part4,1493,
testimony,（法廷などでの）証言,名詞,,Part4,1494,
jury,陪審（員団）,名詞,,Part4,1495,
legitimate,①正当な ②合法の,形容詞,,Part4,1496,
enforce,①～を施行する ②～を強制する,他動詞,,Part4,1497,
regime,政権，政治体制,名詞,,Part4,1498,
bureaucracy,①官僚制度，官僚主義 ②（集合的に）官僚,名詞,,Part4,1499,
corruption,腐敗，汚職,名詞,,Part4,1500,
tyranny,①圧政，専制政治 ②暴虐（な行為）,名詞,,Part4,1501,
sanction,①（－s）制裁 ②（公的な）認可,名詞,,Part4,1502,
census,国勢調査,名詞,,Part4,1503,
candidate,（for ～）（～の）候補（者），（～に）なりそうな人［物］,名詞,,Part4,1504,
senator,〈米〉（しばしばS－）上院議員,名詞,,Part4,1505,
ambassador,大使,名詞,,Part4,1506,
diplomat,外交官,名詞,,Part4,1507,
refugee,難民,名詞,,Part4,1508,
territory,①領土 ②（動物などの）縄張り，（学問などの）領域,名詞,,Part4,1509,
ally,①同盟国，協力者 ②（with ～）（～と）提携する,名詞,,Part4,1510,
federal,連邦の,形容詞,,Part4,1511,
feudal,（主に欧州の）封建制の,形容詞,,Part4,1512,
communist,①共産主義（者）の ②共産主義者,形容詞,,Part4,1513,
estate,①（全）財産 ②地所,名詞,,Part4,1514,
asset,財産，資産,名詞,,Part4,1515,
revenue,（国などの）歳入，（事業などの）収益,名詞,,Part4,1516,
deficit,（会社，国の）赤字,名詞,,Part4,1517,
commerce,商業,名詞,,Part4,1518,
output,①生産高 ②（エンジン，発電機などの）出力,名詞,,Part4,1519,
subsidy,補助金,名詞,,Part4,1520,
monopoly,独占（権，品），独占企業,名詞,,Part4,1521,
transaction,取り引き,名詞,,Part4,1522,
corporation,企業，法人,名詞,,Part4,1523,
enterprise,①企業 ②（冒険的な）事業,名詞,,Part4,1524,
venture,①（ベンチャー）事業 ②危険を冒して行く,名詞,,Part4,1525,
headquarters,本社，本部,名詞,,Part4,1526,
personnel,①（官庁，会社などの）全職員〈複数扱い〉 ②人事,名詞,,Part4,1527,
expertise,専門的知識，専門的技術〈不可算〉,名詞,,Part4,1528,
quota,ノルマ，割り当て,名詞,,Part4,1529,
warehouse,倉庫，〈英〉問屋,名詞,,Part4,1530,
toil,①（長時間）骨折って働く ②骨の折れる仕事,自動詞,,Part4,1531,
undertake,（仕事など）を引き受ける，始める,他動詞,,Part4,1532,
merge,①合併する ②～を合併させる,自動詞,,Part4,1533,
comprise,①～から成る ②（割合）を占める,他動詞,,Part4,1534,
component,構成要素，（車などの）部品,名詞,,Part4,1535,
framework,①枠組 ②骨組み,名詞,,Part4,1536,
prototype,①（of［for］～）（～の）原型 ②試作品 ③典型,名詞,,Part4,1537,
dimension,①（問題などの）側面，要因，次元 ②（－s）寸法，大きさ,名詞,,Part4,1538,
margin,①余白，欄外 ②（票などの）差 ③端,名詞,,Part4,1539,
relevant,関連のある,形容詞,,Part4,1540,
compatible,（with ～）（～と）適合する，互換性がある,形容詞,,Part4,1541,
correspond,①（to［with］～）（～と）一致する ②（with ～）（～と）（メールや手紙で）やりとりをする,自動詞,,Part4,1542,
identical,同一の，うり二つの,形容詞,,Part4,1543,
equivalent,①等しい ②同等のもの,形容詞,,Part4,1544,
random,無作為の，でたらめの,形容詞,,Part4,1545,
warrior,戦士,名詞,,Part4,1546,
assault,襲撃，暴行,名詞,,Part4,1547,
troop,（－s）軍隊,名詞,,Part4,1548,
torture,①拷問 ②辛いこと ③～を拷問にかける,名詞,,Part4,1549,
dispute,①論争，紛争 ②～に異議を唱える,名詞,,Part4,1550,
riot,暴動,名詞,,Part4,1551,
persecution,迫害,名詞,,Part4,1552,
dominate,～を支配する,他動詞,,Part4,1553,
slaughter,～を虐殺する，（食肉用に）殺す,他動詞,,Part4,1554,
suppress,①（反乱，暴動）を鎮圧する ②（笑い，怒り）を抑える,他動詞,,Part4,1555,
surrender,①（to ～）（～に）降伏する ②～を引き渡す,自動詞,,Part4,1556,
contend,①（with ～）（～と）戦う ②（that S V）（～と）（強く）主張する,自動詞,,Part4,1557,
hostile,①敵意のある ②敵の ③（環境などが）厳しい,形容詞,,Part4,1558,
wreck,①（乗り物，家の）残骸 ②（健康を損ね）ボロボロの人,名詞,,Part4,1559,
toll,①犠牲［死傷］者（数），被害 ②（高速道路などの）通行料 ③通話料,名詞,,Part4,1560,
disrupt,（活動の進行など）をかき乱す,他動詞,,Part4,1561,
interfere,（with ～）（～を）邪魔する，干渉する,自動詞,,Part4,1562,
confront,①（困難などが人）に立ちふさがる ②（人が困難など）に直面する，,他動詞,,Part4,1563,
hinder,～を妨げる,他動詞,,Part4,1564,
explode,①爆発する ②爆発的に増加する,自動詞,,Part4,1565,
collide,（with ～）（～と）衝突する,自動詞,,Part4,1566,
nephew,甥,名詞,,Part4,1567,
spouse,配偶者,名詞,,Part4,1568,
heir,相続人，後継者,名詞,,Part4,1569,
folk,①民族 ②人々,名詞,,Part4,1570,
peer,①（－s）同等の人，同輩 ②（よく見えなくて）じっと見る,名詞,,Part4,1571,
proceed,①（順を追って）進む ②（to do）（さらに続けて）～する,自動詞,,Part4,1572,
navigate,①（旅などで）進路を決める ②～を航行する，誘導する,自動詞,,Part4,1573,
roam,歩き回る,自動詞,,Part4,1574,
flee,逃亡する,自動詞,,Part4,1575,
retreat,①退く ②撤退，退却,自動詞,,Part4,1576,
crawl,這って進む，這うように進む,自動詞,,Part4,1577,
drift,漂う,自動詞,,Part4,1578,
alter,～を変える,他動詞,,Part4,1579,
convert,①（A into B）（A）を（B に）転換する ②～を改宗させる,他動詞,,Part4,1580,
shrink,①縮む ②（数量が）減る ③～を縮ませる，減らす,自動詞,,Part4,1581,
wither,しおれる，しぼむ,自動詞,,Part4,1582,
transition,移り変わり，推移,名詞,,Part4,1583,
distortion,歪めること,名詞,,Part4,1584,
enhance,～を向上させる,他動詞,,Part4,1585,
reinforce,～を補強する,他動詞,,Part4,1586,
foster,①（才能など）を育成する ②～の里親になる ③里親の,他動詞,,Part4,1587,
breakdown,①崩壊 ②故障 ③衰弱,名詞,,Part4,1588,
collapse,①崩壊する，倒れる ②崩壊，倒れること,自動詞,,Part4,1589,
render,①（SVOC）（O）を（C）にする ②（援助など）を与える,他動詞,,Part4,1590,
impair,（人間の機能など）を低下させる，損なう,他動詞,,Part4,1591,
deteriorate,悪化する,自動詞,,Part4,1592,
undermine,～を弱める，揺るがす,他動詞,,Part4,1593,
tackle,～に取り組む,他動詞,,Part4,1594,
disposal,①（at one's －）～を自由にする ②処分，廃棄,名詞,,Part4,1595,
confine,①～を閉じ込める ②（活動など）を制限する,他動詞,,Part4,1596,
designate,（通例，受け身で）～を指定する,他動詞,,Part4,1597,
regulate,①（主に規則によって）～を規制する ②（機器など）を調整する,他動詞,,Part4,1598,
prohibit,～を禁じる,他動詞,,Part4,1599,
refrain,（from ～）（～を）控える,自動詞,,Part4,1600,
curb,①～を抑制する ②縁石,他動詞,,Part4,1601,
restrain,～を抑制する,他動詞,,Part4,1602,
halt,①～を止める ②止まる ③停止,他動詞,,Part4,1603,
animate,①～を活気づける ②～をアニメ化する,他動詞,,Part4,1604,
spur,①～を駆り立てる，促す ②拍車，刺激，動機,他動詞,,Part4,1605,
urge,①～をせき立てる，～に強く勧める ②（何かがしたい）衝動,他動詞,,Part4,1606,
lure,①～を誘い込む ②魅力，誘惑,他動詞,,Part4,1607,
stimulate,～を刺激する,他動詞,,Part4,1608,
compel,（A to do）（A）に（～することを）強制する,他動詞,,Part4,1609,
dictate,①～を書き取らせる ②～を命令する，規定する,他動詞,,Part4,1610,
blur,①～をぼやかす ②ぼやける,他動詞,,Part4,1611,
divert,①（川など）の方向を変える ②（注意など）をそらす,他動詞,,Part4,1612,
reverse,①～を逆転する，覆す ②逆 ③逆の,他動詞,,Part4,1613,
supplement,①（栄養，収入など）を補う ②補充，栄養補助食品 ③付録,他動詞,,Part4,1614,
pose,～をもたらす,他動詞,,Part4,1615,
stroll,散策する,自動詞,,Part4,1616,
shrug,①（肩）をすくめる ②肩をすくめる,他動詞,,Part4,1617,
sniff,①（くんくん）臭いをかぐ ②（かぜや泣いて）鼻をすする,自動詞,,Part4,1618,
embrace,①～を抱擁する ②（思想など）を受け入れる,他動詞,,Part4,1619,
betray,①～を裏切る ②～を漏らす，（うっかり）さらけ出す,他動詞,,Part4,1620,
deceive,～をだます,他動詞,,Part4,1621,
bully,①～をいじめる ②いじめっ子,他動詞,,Part4,1622,
squeeze,①（果汁など）を搾る ②（手，指で）～を強く押す,他動詞,,Part4,1623,
insert,①～を差し込む ②（語句など）を書き込む,他動詞,,Part4,1624,
detach,（A from B） （A）を（B から）切り離す,他動詞,,Part4,1625,
withdraw,①～を引っ込める ②（預金など）を引き出す ③退く,他動詞,,Part4,1626,
withstand,～に耐える,他動詞,,Part4,1627,
exert,（力，影響力など）を働かせる,他動詞,,Part4,1628,
compile,～をまとめる，編集する,他動詞,,Part4,1629,
browse,①拾い読みする ②～を拾い読みする,自動詞,,Part4,1630,
manipulate,～を操作する,他動詞,,Part4,1631,
implement,①（契約，計画など）を実行する ②（単純な）道具,他動詞,,Part4,1632,
execute,①～を遂行する，実行する ②～を処刑する,他動詞,,Part4,1633,
host,①（大会など）を主催する ②（a － of）多くの ③（客を接待する）主人（＊女性も含む），主催者，開催地,他動詞,,Part4,1634,
mount,①～を据え付ける ②（馬，自転車）に乗る ③増加する,他動詞,,Part4,1635,
discharge,①～を排出する ②（職務，任地などから）～を解放する,他動詞,,Part4,1636,
drain,①～の水を抜く ②～の水分を切る ③（液体が）流出する，乾く,他動詞,,Part4,1637,
soak,①～を浸す ②（up）（日光，考えなど）を吸収する,他動詞,,Part4,1638,
suspend,①～をつるす ②～を中断する ③～を停職［停学］にする,他動詞,,Part4,1639,
extract,①～を取り出す，抽出する ②抽出したもの，抜粋,他動詞,,Part4,1640,
summon,①～を呼ぶ，召喚する，喚問する ②（勇気など）を奮い立たせる,他動詞,,Part4,1641,
embark,（on ～）（～に）着手する，乗り込む,自動詞,,Part4,1642,
thrust,①～を強く押しつける ②（刃物で）～を突き刺す,他動詞,,Part4,1643,
penetrate,①～に入り込む ②～を貫通する ③貫通する，入る,他動詞,,Part4,1644,
intrude,（on～）（～に）立ち入る,自動詞,,Part4,1645,
evade,～を逃れる,他動詞,,Part4,1646,
utilize,～を利用する,他動詞,,Part4,1647,
spin,①ぐるぐる回る ②～を回す ③～を紡ぐ,自動詞,,Part4,1648,
plunge,①（into ～）（～に）突っ込む ②（A into B）（A）を（B に）突っ込む,自動詞,,Part4,1649,
rattle,①ガタガタ鳴る ②～を鳴らす ③ガラガラ,自動詞,,Part4,1650,
vanish,消える,自動詞,,Part4,1651,
cease,（to do［doing］）～しなくなる,他動詞,,Part4,1652,
haste,急ぐこと〈不可算〉,名詞,,Part4,1653,
conceal,～を隠す,他動詞,,Part4,1654,
disguise,①～を（偽装して）隠す ②（oneself as ～）～に変装する ③変装,他動詞,,Part4,1655,
coincide,①（with ～）（～と）同時に起きる ②（with ～）（～と）一致する,自動詞,,Part4,1656,
prevail,①（考え，習慣などが）普及している ②（最後に人，考えが）優勢となる,自動詞,,Part4,1657,
sustain,（生命など）を維持する，支える,他動詞,,Part4,1658,
linger,①（いつまでも）残る ②（on）長居する,自動詞,,Part4,1659,
revive,①生き返る，よみがえる ②～を生き返らせる,自動詞,,Part4,1660,
resume,①～を再開する ②再開する ③〈米〉履歴書 ④概要，レジュメ,他動詞,,Part4,1661,
inspect,～を検査する,他動詞,,Part4,1662,
investigate,①（研究班などが）～を調査する ②（警察が）～を捜査する,他動詞,,Part4,1663,
detect,～を探知する，（病気など）を発見する，（うそなど）を見抜く,他動詞,,Part4,1664,
discern,～を見分ける,他動詞,,Part4,1665,
expedition,①（研究・探求・戦争目的の）探検，遠征 ②探検隊,名詞,,Part4,1666,
enroll,①（in ～）（～に）入学する ②（be －ed）在籍している,自動詞,,Part4,1667,
discipline,①～をしつける ②しつけ，規律 ③（学問）分野,他動詞,,Part4,1668,
cram,①詰め込み勉強をする ②～を詰め込む ③詰め込み,自動詞,,Part4,1669,
faculty,①（生まれ持った）能力 ②（大学の）学部 ③（大学の）全教員,名詞,,Part4,1670,
tuition,①〈米〉授業料 ②（少人数での）授業,名詞,,Part4,1671,
diploma,〈米〉卒業証書,名詞,,Part4,1672,
mentor,①～を指導する ②（会社，大学などでの）指導者,他動詞,,Part4,1673,
ethic,①（－s）（社会や職業上の）倫理（観） ②（伝統的に守られた）倫理,名詞,,Part4,1674,
astronomy,天文学,名詞,,Part4,1675,
archaeologist,考古学者,名詞,,Part4,1676,
anthropologist,（文化）人類学者,名詞,,Part4,1677,
perceive,①（A as B）（A）を（B だと）認識する ②～を知覚する,他動詞,,Part4,1678,
grasp,①～を理解する ②～をつかむ ③理解，つかむこと,他動詞,,Part4,1679,
conceive,①～を思い浮かべる ②～を妊娠する ③（of ～）（～を）想像する,他動詞,,Part4,1680,
anticipate,①～を予想する ②～を期待する,他動詞,,Part4,1681,
foresee,～を予知する,他動詞,,Part4,1682,
speculate,①推測する ②（株，土地などに）投機をする,自動詞,,Part4,1683,
infer,（A from B） （B からA）を推測する,他動詞,,Part4,1684,
deduce,（A from B） （B からA）を推定する,他動詞,,Part4,1685,
ponder,～を熟考する,他動詞,,Part4,1686,
contemplate,～を熟考する,他動詞,,Part4,1687,
assure,～に保証する，確信させる,他動詞,,Part4,1688,
assess,～を評価する，査定する,他動詞,,Part4,1689,
evaluate,～を（正しく）評価する,他動詞,,Part4,1690,
verify,（事実かどうか）を確かめる，検証する,他動詞,,Part4,1691,
compromise,①（with ～）（～と）妥協する ②（主義など）を曲げる ③妥協,自動詞,,Part4,1692,
reconcile,①（A with B）（A）を（B と）調和させる，和解させる ②（oneself to ～）（～を）仕方なく受け入れる,他動詞,,Part4,1693,
alert,①油断のない，用心深い ②（公的な）警告,形容詞,,Part4,1694,
stereotype,固定観念,名詞,,Part4,1695,
perspective,①（経験などで得られる）視点〈可算〉 ②（大局的な）見方，遠近法〈不可算〉,名詞,,Part4,1696,
prospect,見通し,名詞,,Part4,1697,
vow,①誓い ②～を誓う,名詞,,Part4,1698,
intuition,直観,名詞,,Part4,1699,
illusion,幻想,名詞,,Part4,1700,
criterion,基準,名詞,,Part4,1701,
tolerate,～を大目に見る，我慢する,他動詞,,Part4,1702,
overlook,①～を（うっかり）見落とす ②（人の欠点やミスなど）を見逃す，大目に見る ③（場所が）～を見渡す,他動詞,,Part4,1703,
grain,①穀物 ②粒，少量,名詞,,Part4,1704,
drought,干ばつ,名詞,,Part4,1705,
irrigation,灌漑,名詞,,Part4,1706,
spectacle,①（きわめて印象的な）光景 ②（大がかりな）見せ物,名詞,,Part4,1707,
altitude,標高，高度,名詞,,Part4,1708,
catastrophe,大災害，災難,名詞,,Part4,1709,
decay,①腐敗 ②腐敗する，衰える,名詞,,Part4,1710,
erosion,侵食,名詞,,Part4,1711,
flame,炎,名詞,,Part4,1712,
galaxy,銀河,名詞,,Part4,1713,
meteor,流星，隕石,名詞,,Part4,1714,
chill,①寒気 ②～を冷やす,名詞,,Part4,1715,
meadow,草地，牧草地,名詞,,Part4,1716,
exploit,①（自然の力など）を利用する ②～を搾取する,他動詞,,Part4,1717,
contaminate,～を汚染する,他動詞,,Part4,1718,
erupt,（火山が）噴火する,自動詞,,Part4,1719,
evaporate,蒸発する,自動詞,,Part4,1720,
fertile,肥沃な，肥えた,形容詞,,Part4,1721,
roar,①ほえる ②うなり声，怒号，轟音,自動詞,,Part4,1722,
inhabit,～に生息している，ある,他動詞,,Part4,1723,
nurture,①～を育てる ②養育，教育,他動詞,,Part4,1724,
owl,フクロウ,名詞,,Part4,1725,
instinct,本能,名詞,,Part4,1726,
prey,①餌食 ②（on ～）餌食にする,名詞,,Part4,1727,
timber,（主に〈英〉）材木,名詞,,Part4,1728,
fabric,①布地，織物 ②組織，構造,名詞,,Part4,1729,
textile,①織物 ②織物の,名詞,,Part4,1730,
weave,①～を織る ②～を編む,他動詞,,Part4,1731,
competent,有能な,形容詞,,Part4,1732,
optimistic,楽観的な,形容詞,,Part4,1733,
patriotic,愛国的な,形容詞,,Part4,1734,
naughty,いたずらな,形容詞,,Part4,1735,
vigorous,①（人，活動が）精力的な ②活発な,形容詞,,Part4,1736,
solitary,①（人が）孤高の ②ただひとつの,形容詞,,Part4,1737,
vulgar,①（人，行動が）品がない ②（冗談などが）卑わいな,形容詞,,Part4,1738,
skeptical,懐疑的な,形容詞,,Part4,1739,
haunt,①（亡霊，考えなどが）～につきまとう，出没する ②好んで行く場所，たまり場,他動詞,,Part4,1740,
obsessed,（with［by］ ～）（～に）取りつかれて，頭が一杯で,形容詞,,Part4,1741,
intent,①（on ～）（～に）没頭した，決心した ② 意図,形容詞,,Part4,1742,
indulge,①（in ～）（～に）ふける ② ～を思いのままにさせる,自動詞,,Part4,1743,
cling,（to ～）（～に）固執する，しがみつく,自動詞,,Part4,1744,
flaw,欠陥,名詞,,Part4,1745,
defect,欠陥,名詞,,Part4,1746,
trait,特性,名詞,,Part4,1747,
analogy,類似点，例え,名詞,,Part4,1748,
parallel,①類似（物） ②（to ～）（～と）平行の，類似した,名詞,,Part4,1749,
crucial,重大な,形容詞,,Part4,1750,
primary,①主な，第1 の ②初期の，原始の,形容詞,,Part4,1751,
integral,①不可欠な ②完全な,形容詞,,Part4,1752,
vital,不可欠な，きわめて重要な,形容詞,,Part4,1753,
profound,深い,形容詞,,Part4,1754,
grim,（状況などが）厳しい,形容詞,,Part4,1755,
fierce,①（競争，嵐などが）激しい ② どう猛な,形容詞,,Part4,1756,
harsh,厳しい,形容詞,,Part4,1757,
savage,（とても）容赦ない，どう猛な,形容詞,,Part4,1758,
acute,①深刻な ②鋭い ③急性の,形容詞,,Part4,1759,
ambiguous,曖昧な,形容詞,,Part4,1760,
obscure,①ぼやけた，わかりにくい ②無名の,形容詞,,Part4,1761,
misleading,誤解を招く，紛らわしい,形容詞,,Part4,1762,
straightforward,①（方法などが）わかりやすい ②（人や行動が）率直な,形容詞,,Part4,1763,
explicit,（発言や文章などが）明確な,形容詞,,Part4,1764,
sophisticated,①（機械，システムが）高度な ② 洗練された，教養のある,形容詞,,Part4,1765,
ingenious,独創的な,形容詞,,Part4,1766,
decent,まともな，きちんとした,形容詞,,Part4,1767,
thrive,①（会社などが）好調である，繁栄する ②（動［植］物などが）健康に育つ,自動詞,,Part4,1768,
wit,機知，機知に富んだ人,名詞,,Part4,1769,
affluent,裕福な,形容詞,,Part4,1770,
elaborate,①手の込んだ，凝った ②～を苦労して作り上げる ③（on ～）（～を）詳しく話す,形容詞,,Part4,1771,
prompt,①迅速な ②～に促す,形容詞,,Part4,1772,
swift,素早い,形容詞,,Part4,1773,
mighty,強力な,形容詞,,Part4,1774,
renowned,有名な,形容詞,,Part4,1775,
dim,①薄暗い ②（記憶などが）ぼんやりした ③ ～を暗くする,形容詞,,Part4,1776,
gloomy,①薄暗い ②陰気な，悲観的な,形容詞,,Part4,1777,
barren,不毛な,形容詞,,Part4,1778,
idle,①（仕事がなく）何もしていない ② 怠惰な ③（away）（～を）何もしないでいる,形容詞,,Part4,1779,
tiresome,退屈な，うんざりする,形容詞,,Part4,1780,
static,静的な，（経済などで）変化のない，活気のない,形容詞,,Part4,1781,
clumsy,無器用な,形容詞,,Part4,1782,
ignorant,無知の,形容詞,,Part4,1783,
reckless,無謀な,形容詞,,Part4,1784,
arbitrary,独断的な，勝手な,形容詞,,Part4,1785,
foul,①（味，臭いなどが）不快な ②（スポーツなどの）違反，ファウル,形容詞,,Part4,1786,
shabby,みすぼらしい，おんぼろの,形容詞,,Part4,1787,
monotonous,単調な,形容詞,,Part4,1788,
crude,①粗末な，粗野な ②加工されていない,形容詞,,Part4,1789,
fragile,壊れやすい，もろい,形容詞,,Part4,1790,
vulnerable,①傷つきやすい，弱い ②（非難，攻撃を）受けやすい，（病気に）かかりやすい,形容詞,,Part4,1791,
rust,①さび ②さびる,名詞,,Part4,1792,
plight,窮状，苦境,名詞,,Part4,1793,
conventional,従来の，慣習的な,形容詞,,Part4,1794,
innate,（才能などが）先天的な，生まれつきの,形容詞,,Part4,1795,
exotic,①（動［植］物が）外来の ②異国情緒のある,形容詞,,Part4,1796,
tame,①飼い慣らされた，従順な ②～を飼い慣らす,形容詞,,Part4,1797,
solemn,①（場所，祝祭が）厳粛な，（音楽が）荘厳な ②（態度が）真面目な,形容詞,,Part4,1798,
manifest,①明らかな ②（姿勢，感情など）を明らかにする,形容詞,,Part4,1799,
dense,密集した，（霧などが）濃い,形容詞,,Part4,1800,
superficial,表面的な,形容詞,,Part4,1801,
transparent,透明な,形容詞,,Part4,1802,
consistent,①（with ～）矛盾のない，一致している ②安定した，不変の,形容詞,,Part4,1803,
coherent,一貫している,形容詞,,Part4,1804,
universal,普遍的な,形容詞,,Part4,1805,
upright,①直立して ②直立した,副詞,,Part4,1806,
underlying,根底にある,形容詞,,Part4,1807,
spontaneous,自然発生的な,形容詞,,Part4,1808,
mock,①模擬の，見せかけの ②（からかって）～をまねる ③～をあざける,形容詞,,Part4,1809,
liable,①（to do）～しがちだ ②（to ～）（病気などに）かかりやすい ③（for ～）（～に対して）（法的に）責任がある,形容詞,,Part4,1810,
converse,①正反対 ②正反対の ③（with ～）（～と）会話する,名詞,,Part4,1811,
preliminary,①予備的な，事前の ②予選の ③予選,形容詞,,Part4,1812,
version,①（個人的な）解釈，意見 ②（製品などの）～版,名詞,,Part4,1813,
indigenous,（動［植］物，民族が）固有の,形容詞,,Part4,1814,
decline,①減る，衰退する ②～を断る ③ 衰退，減少,自動詞,,Part4,1815,
multiply,①～を増やす ②（A by B）（A）に（B を）掛ける ③増える,他動詞,,Part4,1816,
soar,①（価格，温度が）急上昇する ②（鳥が）舞い上がる,自動詞,,Part4,1817,
accumulate,①～を蓄積する ② 蓄積する,他動詞,,Part4,1818,
exceed,～を越える,他動詞,,Part4,1819,
abundant,豊富な,形容詞,,Part4,1820,
ample,豊富な,形容詞,,Part4,1821,
gross,①総計の ②（食べ物，行動などが）ひどい,形容詞,,Part4,1822,
infinite,無限の,形容詞,,Part4,1823,
sole,①唯一の ②足の裏，靴底,形容詞,,Part4,1824,
heap,①山 ②（a － of ～）たくさんの～,名詞,,Part4,1825,
fraction,①少量 ②分数，端数,名詞,,Part4,1826,
simultaneous,同時の,形容詞,,Part4,1827,
medieval,中世の,形容詞,,Part4,1828,
decade,10年,名詞,,Part4,1829,
dawn,①夜明け ②夜が明ける ③（on ～）（～に）わかり始める,名詞,,Part4,1830,
span,①（継続した）期間 ②（集中力，注意力，機械の持続）期間,名詞,,Part4,1831,
expire,期限が切れる,自動詞,,Part4,1832,
postpone,～を延期する,他動詞,,Part4,1833,
equip,①～を装備させる，備え付ける ②（人）に（知識や能力などを）身につけさせる,他動詞,,Part4,1834,
transmit,①～を送る，伝える ②（病気など）をうつす,他動詞,,Part4,1835,
endow,～を授ける,他動詞,,Part4,1836,
inherit,～を受け継ぐ,他動詞,,Part4,1837,
retrieve,①～を回収する，取り戻す ②（ファイルなど）を検索する,他動詞,,Part4,1838,
displace,① ～に取って代わる ②（戦争，災害などで）～を（故郷などから）追い出す,他動詞,,Part4,1839,
bond,①きずな ②公債，社債,名詞,,Part4,1840,
ornament,（小さな）飾り，置物,名詞,,Part4,1841,
certificate,証明書，免許状，鑑定書,名詞,,Part4,1842,
accommodation,（〈米〉－s）宿泊施設,名詞,,Part4,1843,
intersection,交差点,名詞,,Part4,1844,
pavement,（主に〈英〉）歩道,名詞,,Part4,1845,
pedestrian,歩行者,名詞,,Part4,1846,
excursion,小旅行，遠足,名詞,,Part4,1847,
itinerary,旅程（表）,名詞,,Part4,1848,
token,①（as a － of）（～の）しるし（として） ②（バスなどで使われる）代用硬貨，トークン ③〈英〉商品引換券,名詞,,Part4,1849,
detergent,洗剤,名詞,,Part4,1850,
purchase,①～を購入する ②購入（品）,他動詞,,Part4,1851,
dwell,①住む ②（on ～）（～をくどくど）考える,自動詞,,Part4,1852,
juvenile,青少年の,形容詞,,Part4,1853,
adolescent,①思春期の若者 ②思春期の,名詞,,Part4,1854,
initial,①最初の ②頭文字，イニシャル,形容詞,,Part4,1855,
precede,～に先行する,他動詞,,Part4,1856,
phase,段階,名詞,,Part4,1857,
priority,優先（事項）,名詞,,Part4,1858,
premise,①前提 ②（－s）（建物を含めた）敷地,名詞,,Part4,1859,
legend,①伝説，言い伝え ②伝説的人物,名詞,,Part4,1860,
masterpiece,傑作,名詞,,Part4,1861,
ritual,①（宗教的）儀式 ②儀式の,名詞,,Part4,1862,
worship,①崇拝，礼拝 ②～を崇拝する ③（神社などに）お参りする,名詞,,Part4,1863,
advent,①到来 ②（the A－）キリストの降臨,名詞,,Part4,1864,
swear,①誓う ②罵る,自動詞,,Part4,1865,
confess,①（to ～）（～を）白状する ②～を認める,自動詞,,Part4,1866,
verbal,言葉による,形容詞,,Part4,1867,
oral,①口述の ②口の,形容詞,,Part4,1868,
eloquent,雄弁な,形容詞,,Part4,1869,
linguistic,言語の，言語学の,形容詞,,Part4,1870,
plot,①（小説，演劇などの）筋 ②悪だくみ，陰謀,名詞,,Part4,1871,
draft,①下書き，草稿 ②～を徴兵する ③（－ beer）生の（ビール）,名詞,,Part4,1872,
statement,①述べたこと，声明 ②（給与などの）明細書,名詞,,Part4,1873,
paradox,逆説,名詞,,Part4,1874,
slang,（集合的に）俗語,名詞,,Part4,1875,
riddle,なぞなぞ，謎,名詞,,Part4,1876,
clarify,～を明らかにする,他動詞,,Part4,1877,
exhibit,①～を展示する ②～を示す ③展示物，展覧会,他動詞,,Part4,1878,
portray,～を描く,他動詞,,Part4,1879,
attribute,①（A to B） （A）を（B）のせいだとする ②特性，属性,他動詞,,Part4,1880,
console,～を慰める,他動詞,,Part4,1881,
arouse,～を呼び起こす,他動詞,,Part4,1882,
distract,①（注意，意識など）をそらす ②～の気を紛らす,他動詞,,Part4,1883,
plead,①（with ～）（～に）懇願する ②～を申し立てる,自動詞,,Part4,1884,
yearn,①切望する ②～を切望する,自動詞,,Part4,1885,
long,（for ～）（～を）切望する,自動詞,,Part4,1886,
adore,～を熱愛している,他動詞,,Part4,1887,
utter,①（叫び声など）を発する ②まったくの,他動詞,,Part4,1888,
exclaim,（驚き，怒りなどで）叫ぶ,自動詞,,Part4,1889,
lament,～を深く悲しむ，嘆く,他動詞,,Part4,1890,
shed,①（涙など）を流す ②（光）を当てる ③～を取り除く ④（ヘビなどが）（皮）を脱ぐ，（木が葉っぱ）を落とす,他動詞,,Part4,1891,
resent,～に憤慨する,他動詞,,Part4,1892,
dread,①～を恐れる ②恐怖,他動詞,,Part4,1893,
startle,～を驚かせる,他動詞,,Part4,1894,
thrill,①～をぞくぞく［わくわく］させる ②スリル,他動詞,,Part4,1895,
humiliate,～に恥をかかせる,他動詞,,Part4,1896,
blush,①赤面する ②赤面,自動詞,,Part4,1897,
frown,①（on ～）（～に）眉をひそめる ②しかめっ面,自動詞,,Part4,1898,
dismay,①～を狼狽させる ②狼狽,他動詞,,Part4,1899,
bewilder,（通例，受け身）～を当惑させる,他動詞,,Part4,1900,
perplex,～を困惑させる,他動詞,,Part4,1901,
disgust,①～に嫌悪を抱かせる ②嫌悪,他動詞,,Part4,1902,
despise,～を軽蔑する,他動詞,,Part4,1903,
furious,激怒した,形容詞,,Part4,1904,
intimate,①親密な ②（知識などが）深い,形容詞,,Part4,1905,
intriguing,興味深い,形容詞,,Part4,1906,
conscience,良心,名詞,,Part4,1907,
self-esteem,自尊心,名詞,,Part4,1908,
mercy,①慈悲，情け ② 幸運,名詞,,Part4,1909,
aspiration,熱望,名詞,,Part4,1910,
grief,（人の死などに対する）深い悲しみ,名詞,,Part4,1911,
distress,①苦しみ，苦難 ②～を苦しめる,名詞,,Part4,1912,
apprehension,①不安 ②逮捕,名詞,,Part4,1913,
melancholy,憂うつ，ふさぎ込み,名詞,,Part4,1914,
contempt,軽蔑,名詞,,Part4,1915,
insult,①侮辱 ②～を侮辱する,名詞,,Part4,1916,
nuisance,迷惑（になるもの）,名詞,,Part4,1917,
menace,（to ～）（～にとっての）厄介なもの［人］，脅威,名詞,,Part4,1918,
verge,①瀬戸際，寸前 ② 道路べり，（場所の）縁,名詞,,Part4,1919,
incentive,励み,名詞,,Part4,1920,
outcome,結果,名詞,,Part4,1921,
thorough,完全な，徹底的な,形容詞,,Part4,1922,
adequate,十分な，適切な,形容詞,,Part4,1923,
overall,①全体的な，全面的な ②全体的に，全面的に,形容詞,,Part4,1924,
ultimate,究極の，最終の,形容詞,,Part4,1925,
genuine,①（感情が）心からの ②（絵画などが）本物の,形容詞,,Part4,1926,
radical,①根本的な，抜本的な ②過激な,形容詞,,Part4,1927,
drastic,抜本的な，思い切った,形容詞,,Part4,1928,
trivial,ささいな,形容詞,,Part4,1929,
virtually,事実上,副詞,,Part4,1930,
abruptly,不意に，突然,副詞,,Part4,1931,
deliberately,①故意に ②慎重に,副詞,,Part4,1932,
hence,だから，それゆえに,副詞,,Part4,1933,
namely,すなわち,副詞,,Part4,1934,
whereas,～だが一方,接続詞,,Part4,1935,
